id,id_charger,id_connector_type
69412be2-88da-409d-b1e3-9343ef04aefd,712020e3-6dc0-436e-b679-453c0ba540a4,278328f8-570f-4c7d-ae38-dfd3b10a5664
281575fd-3f48-47df-85a9-33abd083f0a8,d4b4c89e-7389-4615-a057-3f925ffd5339,278328f8-570f-4c7d-ae38-dfd3b10a5664
cde6ecb3-73fb-4890-8030-9d9be2f241cb,d56a287f-01f3-4443-81ef-581d2be83ad9,278328f8-570f-4c7d-ae38-dfd3b10a5664
fa0c5e39-963d-4705-a304-38daf8a143ab,8ba41be5-100c-42ba-a125-85d00a96687d,278328f8-570f-4c7d-ae38-dfd3b10a5664
34dc1a74-64b5-4e0f-9947-be5c56ee19cf,8fb1f32b-d3df-4d79-a120-121c1896ecce,278328f8-570f-4c7d-ae38-dfd3b10a5664
566252cf-905d-4882-9c12-24341a623e58,22a30d63-73a2-45b6-9c61-52a000ffaf4e,278328f8-570f-4c7d-ae38-dfd3b10a5664
28067931-7afb-4300-a666-5b67e4caacb8,f766545c-2516-48a1-aac9-70265c7b4652,278328f8-570f-4c7d-ae38-dfd3b10a5664
92e09063-9748-41a9-89e2-d5c90f1cf3b4,2a375734-13b0-4bb1-ad97-bce841fa49c0,278328f8-570f-4c7d-ae38-dfd3b10a5664
53d126d9-39f9-4464-8831-c72a27169c4f,683cef32-5c4e-4e3e-9065-8d98772c9149,278328f8-570f-4c7d-ae38-dfd3b10a5664
24c4c0e3-38ef-4c38-87cc-0e0e94fec439,58c1a03e-9644-4223-8c67-0e8267f8ef66,278328f8-570f-4c7d-ae38-dfd3b10a5664
ce00b0e9-cb90-4aa4-a425-ebce2bee13c3,3d8382b8-8a3d-4f14-9f80-3dd363a76211,278328f8-570f-4c7d-ae38-dfd3b10a5664
d6a8144f-4734-4d02-a1e0-53e8a4ebd641,6823b378-f5f6-4e2f-a536-de3d6ef541bf,278328f8-570f-4c7d-ae38-dfd3b10a5664
6541214b-1f89-4357-8307-a6e2ab3fc5a9,85350f64-65f8-4506-9a6a-8d813b23f8e3,278328f8-570f-4c7d-ae38-dfd3b10a5664
5cb9c93a-c4b3-4d7b-8be1-157ec0c4d302,53298b53-7cd0-4d20-b5cd-f7c5f6b55de4,278328f8-570f-4c7d-ae38-dfd3b10a5664
d3bd679a-9640-4cb0-8d7b-b6769ddc28ac,9a37bdec-c87e-4fad-b3a0-7c7ced6427d9,278328f8-570f-4c7d-ae38-dfd3b10a5664
fd878ec8-7a29-4700-afd9-338bdcaace8d,7c7b61de-d6ff-4fac-aeab-676914307250,278328f8-570f-4c7d-ae38-dfd3b10a5664
5dc847ee-e573-47ce-993d-ba2e0d8f600a,f06f63a6-d9df-4aa2-8eef-e7dc99296b50,278328f8-570f-4c7d-ae38-dfd3b10a5664
efe99247-cf7d-4a13-92e6-f4186cafcef5,1a3f2f08-2e54-45ca-897e-859853872251,278328f8-570f-4c7d-ae38-dfd3b10a5664
dcdb62bb-d2d8-40b1-8531-360629ec2ebe,2d419054-02ee-40c3-b3d4-aa5dcab70ba7,278328f8-570f-4c7d-ae38-dfd3b10a5664
33661c51-fdd3-4798-9684-8c4bd27a2f6b,187f37ee-e18b-425b-a360-93be93fa26a0,278328f8-570f-4c7d-ae38-dfd3b10a5664
d2b28918-32a5-429b-b5ce-df85e0ce2fd2,db2390bb-09b4-46d3-9200-00035c532051,278328f8-570f-4c7d-ae38-dfd3b10a5664
cd18749c-0d3c-4d8f-a33b-e529f26c723c,4f08c2bc-995f-4111-9f89-4f632560319e,278328f8-570f-4c7d-ae38-dfd3b10a5664
d7c14619-d8d4-4d34-a96a-b624e4c7e787,c0187d3f-d340-4e77-ac98-93c34fc25ed2,278328f8-570f-4c7d-ae38-dfd3b10a5664
7136cc15-3220-4ec6-9983-b0c82cc3a213,b6b88dca-d4f1-4ac8-bef3-05adb40b5eea,278328f8-570f-4c7d-ae38-dfd3b10a5664
2b3439ee-1baa-40f0-91e4-88690a7e39ec,4925b5b8-af47-4abf-a1e1-51d9d97e1a4c,278328f8-570f-4c7d-ae38-dfd3b10a5664
7d1d13d4-c044-4969-be42-eaf3b6664367,56243bb7-d8e5-4563-b900-b265350a207b,278328f8-570f-4c7d-ae38-dfd3b10a5664
f996ece9-0c17-4210-b309-cba874d5e03d,c699029b-ef44-409e-86d5-e299e71b9937,278328f8-570f-4c7d-ae38-dfd3b10a5664
126e65df-5a3e-4ae4-9e71-4f3ebc502135,9f158971-e283-4edb-b939-78400c268d62,278328f8-570f-4c7d-ae38-dfd3b10a5664
e901c5f6-cf28-4251-ac5d-ac649929ccbd,cfa36fc2-d07d-4543-ad2b-cba2342b5e19,278328f8-570f-4c7d-ae38-dfd3b10a5664
43c8801e-acb4-4abb-8eda-bb592d082ab1,87c82e25-8987-4b5d-a2f1-971f9acd43ba,278328f8-570f-4c7d-ae38-dfd3b10a5664
4544b6ff-edb3-41a0-9e75-2cfad3071fd0,f187fb59-76e2-44ae-a1dd-27269434df30,278328f8-570f-4c7d-ae38-dfd3b10a5664
d892fadb-085b-4a8c-8898-cdbba1ec9872,80eab064-1e8a-43e3-bae9-b629ee7f8da7,278328f8-570f-4c7d-ae38-dfd3b10a5664
a0b57339-68f9-4eb8-bf64-8bf4d47d2f9b,3605a94c-21c2-44cc-b236-bb0a4fcd35e1,278328f8-570f-4c7d-ae38-dfd3b10a5664
7e7c6121-88d7-421b-900c-38dcec0192aa,29355372-664f-4836-b9bc-51e08609baf5,278328f8-570f-4c7d-ae38-dfd3b10a5664
deac7490-30a8-42fe-acd2-8c25b49f04b8,330da7d3-e9f3-49c9-a7f4-62764ccadd8d,278328f8-570f-4c7d-ae38-dfd3b10a5664
0f33092e-9a5c-4ae1-b02c-1b8ceb97be71,e24a18f9-91b1-4a7d-9d3a-9b3547985bee,278328f8-570f-4c7d-ae38-dfd3b10a5664
02948887-a020-483b-a1c6-75f3e51e9866,e9da561e-3ab8-4778-bd01-814e7d2a92f0,278328f8-570f-4c7d-ae38-dfd3b10a5664
cc8065fc-bd80-45ae-8ba1-0cd4987d4f57,5dcb26c1-f30d-4197-82d6-b0a982120c05,278328f8-570f-4c7d-ae38-dfd3b10a5664
422ff466-a326-42af-8650-1b477ed290d2,f84e59a5-c990-4af0-8b33-2269e217ff38,278328f8-570f-4c7d-ae38-dfd3b10a5664
13f60312-1bf1-42f0-af93-ddeb38b0f8bc,3e8be0d7-69cf-4beb-b324-fcc658abe8da,278328f8-570f-4c7d-ae38-dfd3b10a5664
28e62778-cf62-4aec-b132-207bc5ec6413,a86c4aa7-7ae7-4113-804b-c6857a01968d,278328f8-570f-4c7d-ae38-dfd3b10a5664
18bc5dc9-cfa8-49c8-bc76-9e77dff9e035,803a1d9b-0665-4168-8c26-054600322f76,278328f8-570f-4c7d-ae38-dfd3b10a5664
6e087c53-d3cd-4aea-990c-61e73b5c172e,8419a992-5c81-4110-9fb6-550ecd5e85e2,278328f8-570f-4c7d-ae38-dfd3b10a5664
22227915-1f89-462e-99bc-189c6aabe673,36569319-de4b-4683-a30c-16f6c780d02e,278328f8-570f-4c7d-ae38-dfd3b10a5664
38a25ab3-fc69-415f-99fd-cf01bc92d5ae,6e0b26b6-efc3-48d9-b1cd-be9da018079d,278328f8-570f-4c7d-ae38-dfd3b10a5664
49a1bfd9-3e2c-4b51-a12d-0d187ef886a9,4811d9e2-dfbd-4a6b-b4e5-d681608073ad,278328f8-570f-4c7d-ae38-dfd3b10a5664
af5eec37-a64d-4f38-8b2c-81cb2e2564f3,f6d55c80-3e3a-485d-adaa-254224e06de4,278328f8-570f-4c7d-ae38-dfd3b10a5664
8be563a0-8e3e-4645-8232-7d8071d0190a,ffb3c3fc-b7ae-46bc-a10d-ebf2f97a2ab3,278328f8-570f-4c7d-ae38-dfd3b10a5664
69760207-e2c4-4e8c-8e95-423f4e504e5c,a1f3a982-6c98-40a7-b7dc-a788f0651d43,278328f8-570f-4c7d-ae38-dfd3b10a5664
1697bdbe-ce98-4ccf-8837-91dc8a8f3a83,55c547f1-b9a2-4d67-998a-f51077d17eef,278328f8-570f-4c7d-ae38-dfd3b10a5664
e4f7ed10-a92a-46d5-a265-e77a5a5efe29,8152ac85-d430-41ea-a075-d451632886d7,278328f8-570f-4c7d-ae38-dfd3b10a5664
fa58766d-3a5c-4d87-8fca-120214059030,518f6064-dc02-44ab-9c6f-ddb6a14ae6ef,278328f8-570f-4c7d-ae38-dfd3b10a5664
7ae58110-ef19-4616-ba42-7f3955eda778,74eac25b-849a-4cf7-b3f9-0cb140232b65,278328f8-570f-4c7d-ae38-dfd3b10a5664
d58f7e00-4ee7-4f45-ab9a-749b2f4797aa,7c56aa60-49a7-4885-8f42-23e88e6bc841,278328f8-570f-4c7d-ae38-dfd3b10a5664
fdefe5a0-8bed-45da-8dea-6c6a69303bde,66e7a184-ef20-4ea6-a65a-3c2df6c7a3cd,278328f8-570f-4c7d-ae38-dfd3b10a5664
bf38a8b9-a4d2-42d8-8a41-6abbaed72a4d,f500a539-6dca-49e1-9777-5f40d4e6dacf,278328f8-570f-4c7d-ae38-dfd3b10a5664
b7d72bd2-6f27-4e6d-8fb4-f7831b1c930e,70167f52-ec33-4bb1-9310-99202c64b928,278328f8-570f-4c7d-ae38-dfd3b10a5664
f9dd39ab-4369-4055-a298-17a82c487c10,e670bebd-c667-49a8-877a-6ef24b0bc516,278328f8-570f-4c7d-ae38-dfd3b10a5664
1ef5f52a-3eba-4a64-b941-46c69bad99ce,c9ec55d7-c8c0-4b71-932a-6fb545c570a8,278328f8-570f-4c7d-ae38-dfd3b10a5664
388700d0-274d-49c0-a224-3a569298524e,f2fbca81-5737-4a34-9b7f-b8acbe244f50,278328f8-570f-4c7d-ae38-dfd3b10a5664
c6584b70-40ed-40a0-845d-f9c50bc743bb,97bc08a8-b880-46be-8ab0-b9352a6ee57b,278328f8-570f-4c7d-ae38-dfd3b10a5664
c567805a-091f-494c-aadb-c8227600c685,74799e82-f479-4099-8e63-c481e08908fb,278328f8-570f-4c7d-ae38-dfd3b10a5664
980c4cf0-5561-499d-a5cf-162348c1a0ba,fa304626-4b9e-4ddf-bab1-ca5e09003b33,278328f8-570f-4c7d-ae38-dfd3b10a5664
a6e9e1cd-d20a-4fc2-b5ba-753e9192ef05,ffa622c7-4683-4f1c-8e68-23640325fb01,278328f8-570f-4c7d-ae38-dfd3b10a5664
2058ff21-daf2-493a-9be6-d8cb15875ccf,5f7c6809-13b0-4b14-b0cc-8ad7bc84833a,278328f8-570f-4c7d-ae38-dfd3b10a5664
8b7a5451-348f-455e-a772-f3f861135ad0,8e681bc4-115f-4b93-8523-82b0ea3c9990,278328f8-570f-4c7d-ae38-dfd3b10a5664
40bdb782-904f-47bf-b958-69af31518f6b,5d20b732-1dc5-4580-9c1b-cd60812bb928,278328f8-570f-4c7d-ae38-dfd3b10a5664
21867005-0701-4a1b-88cb-a2d0af386bfd,845245bd-4bd5-43fe-93cd-41f2671784aa,278328f8-570f-4c7d-ae38-dfd3b10a5664
1718222e-3d56-4a11-b0e2-1e2bef7cd521,479fcf92-8015-4fe0-9168-9da1c4a7e51e,278328f8-570f-4c7d-ae38-dfd3b10a5664
df644514-7faf-4aef-9f4d-4a8d2861f43d,4cbbb7ff-27a2-408e-ab14-eb82d9eed20f,278328f8-570f-4c7d-ae38-dfd3b10a5664
fce6f6fd-2291-4a05-aeb3-986b5a564119,7cf2d372-8308-4158-a08d-beda18f25c7b,278328f8-570f-4c7d-ae38-dfd3b10a5664
ea74b80f-2ba5-4147-987b-40176a72d0a2,969c44e1-61e6-4a59-af28-380bba22a63f,278328f8-570f-4c7d-ae38-dfd3b10a5664
0dd7aec7-8315-4f10-8c20-076ec0ee48f1,7a8b726b-9e61-457a-9067-41133409e46e,278328f8-570f-4c7d-ae38-dfd3b10a5664
b99f9d27-e6a1-43e7-9a7e-3c0b288d57d6,1ccba432-8a0b-4c96-9e72-938d061c0c20,278328f8-570f-4c7d-ae38-dfd3b10a5664
b8de0d89-87af-484d-8181-0ef130418beb,d3b3e4cd-05e9-4641-a0cb-e54243b62ef6,278328f8-570f-4c7d-ae38-dfd3b10a5664
b52e1e29-b608-4604-afa3-9db65914afa4,cd621e30-dc8f-49ae-9937-cd5394c8f694,278328f8-570f-4c7d-ae38-dfd3b10a5664
9bd6304b-ef39-467a-8122-8a7e443412e1,a7424bc1-3d3c-4400-85c5-3e60f0aad66c,278328f8-570f-4c7d-ae38-dfd3b10a5664
984a7b1c-1d2a-4dd1-ba7d-72699d85ceac,899a7b04-7f2e-45c7-937e-97d14cedbc94,278328f8-570f-4c7d-ae38-dfd3b10a5664
3df5b0ee-45cf-43cb-b991-cfe1121ed0c7,c7b4ab67-95ed-45f2-a730-708793fcddcf,278328f8-570f-4c7d-ae38-dfd3b10a5664
9bbbc87c-ad03-473e-b3b9-ec7c57646bd0,b52334d7-6c21-489c-a5f2-88768caf152c,278328f8-570f-4c7d-ae38-dfd3b10a5664
d510da73-51ce-41f2-b1fa-a33c67876e6c,48e5286b-a642-4a79-8ae4-87f20aef576e,278328f8-570f-4c7d-ae38-dfd3b10a5664
f11d9a2e-cf25-4560-806f-6b4fedef029a,18d0fd48-d262-44dc-b3a6-d1985e05ddb7,278328f8-570f-4c7d-ae38-dfd3b10a5664
5de8a07c-124e-4648-83ff-82bbabf68b6c,b6d01cfa-e870-467d-9079-4d24b5705e1d,278328f8-570f-4c7d-ae38-dfd3b10a5664
84b2e11c-cd8b-4fe6-83c5-7c3a131bd9fd,fab09e1a-acfb-4f09-a11e-a94fd40ba261,278328f8-570f-4c7d-ae38-dfd3b10a5664
5ea8b4de-32ba-4cb4-ae51-c5ca0e6657a1,f1c513d4-e9ac-43d4-ad00-edb3eaa19e1e,278328f8-570f-4c7d-ae38-dfd3b10a5664
311ba60f-00a7-44d0-8844-0bcdeb2c7914,d0d6ac8d-7db2-4540-944f-28eac3760f93,278328f8-570f-4c7d-ae38-dfd3b10a5664
2c350c83-cd1b-484b-b686-48596ec4308b,59ee8fba-0bcc-4cf5-9cf3-0c638fb7909f,278328f8-570f-4c7d-ae38-dfd3b10a5664
d503af56-6b08-45fb-a86f-9d3c5325fa36,17b638e4-42ad-4336-aeaa-de2228b98a67,278328f8-570f-4c7d-ae38-dfd3b10a5664
2b7c087d-a5ed-4163-a11e-f2cf03fd8194,8bf17ba7-7378-4120-a78b-793d095421ea,278328f8-570f-4c7d-ae38-dfd3b10a5664
fe145978-2456-4946-96fd-23719a980858,370bb1a0-001b-46c3-bf1e-c24e4f0b37eb,278328f8-570f-4c7d-ae38-dfd3b10a5664
ddcd0dfa-8968-4ac0-a4c2-3ac2cf07bc39,d398644b-60de-442f-aeba-378488ad3ce7,278328f8-570f-4c7d-ae38-dfd3b10a5664
27251c3a-0284-4e81-b393-8e93e3972164,a1f02c5b-7ecb-4301-b26d-14627617fdc2,278328f8-570f-4c7d-ae38-dfd3b10a5664
7b66e138-a99c-4df0-8515-8ec14044ebfb,7d58f93b-7886-4845-8fe0-4859c5fe0161,278328f8-570f-4c7d-ae38-dfd3b10a5664
bceacb6e-0e0e-4c53-a0a3-bab59f619d84,50f2fc00-d11a-4aa7-a11c-b673386c4e7c,278328f8-570f-4c7d-ae38-dfd3b10a5664
d425670a-a154-4b86-a46f-74e5688bae8e,4bef3a21-4b94-4af5-b761-5482a719ab29,278328f8-570f-4c7d-ae38-dfd3b10a5664
98ae1856-9ba4-4995-a509-0576e10a75c2,30009293-cbd2-4d6c-b906-91f77bc3a303,278328f8-570f-4c7d-ae38-dfd3b10a5664
311b2de6-2b48-46de-b2ff-1a15e7ea474e,498e47d5-f990-4571-976e-f646f8b694bc,278328f8-570f-4c7d-ae38-dfd3b10a5664
0bdb8235-77a5-4f6b-8e6e-a37652436a36,0f608140-738d-4996-8d11-7e884bb00a64,278328f8-570f-4c7d-ae38-dfd3b10a5664
0f7d77fc-2539-46a8-aedf-e0a2203823dd,f0527995-0a21-4032-b32f-bbc82d7992ea,278328f8-570f-4c7d-ae38-dfd3b10a5664
5963d1a8-af39-42f1-bc15-7fff17c55e66,188db8c5-d7b5-475d-bfbc-8449ca02167f,278328f8-570f-4c7d-ae38-dfd3b10a5664
4c74bf66-88b0-4952-9c79-6805e8c04fc3,df3b4451-2e5e-475e-b12e-636a06f59c43,278328f8-570f-4c7d-ae38-dfd3b10a5664
450c774f-4e66-4161-a3e7-c720a0eab9a7,72808615-8e4d-474b-aba0-0be426a03b6f,278328f8-570f-4c7d-ae38-dfd3b10a5664
0286ad95-6fc7-4993-8419-ac7506ca612c,4064a22f-cb3c-431f-af7e-7f33f4e84680,278328f8-570f-4c7d-ae38-dfd3b10a5664
20db7fe5-abd6-4ddf-b8e7-66573e906147,e5c91c8e-bc95-485c-a44c-1ad0eae914ce,278328f8-570f-4c7d-ae38-dfd3b10a5664
61068415-df63-4224-ab8a-0073ef320c7d,fab4ac3a-e583-4b34-a36d-2fccd1308ae4,278328f8-570f-4c7d-ae38-dfd3b10a5664
e68d9e99-4ae5-407b-8ac3-945182afb868,85058fe5-61ae-4690-b67f-6ffcba3c18df,278328f8-570f-4c7d-ae38-dfd3b10a5664
77eb0219-195a-4903-9aba-ec7092533658,3210bfee-3503-487b-90cb-f856a2ae934d,278328f8-570f-4c7d-ae38-dfd3b10a5664
aa227934-da4d-44e1-a720-c30e9f1f90bb,e881dcb1-5a38-448a-bec3-c084dc466a4f,278328f8-570f-4c7d-ae38-dfd3b10a5664
5d0afa9c-51a6-4b44-bcfb-08bd42e3fcbb,e2002aca-095f-4025-9c43-09d420592629,278328f8-570f-4c7d-ae38-dfd3b10a5664
e501a4d8-4aa5-4241-8a7d-088299bdfc3e,be6b40d2-d76b-4f2c-93a1-52d892091c4d,278328f8-570f-4c7d-ae38-dfd3b10a5664
e10635e8-559d-4a43-b974-45c760c8e200,94dd8f11-d416-4aa4-ac97-516fc26138bf,278328f8-570f-4c7d-ae38-dfd3b10a5664
7bffaf30-f8f9-4b87-a94f-e2827f0eb0d9,e644e8af-f9bc-4fa2-9ec2-1c03443532ad,278328f8-570f-4c7d-ae38-dfd3b10a5664
adcddfed-d84c-430a-a51b-4fce59403def,8d83ac82-45f0-4ce8-b38a-720ddef9a8d1,278328f8-570f-4c7d-ae38-dfd3b10a5664
155f0154-0417-45f0-aca4-8ff69befe97e,2be19ca6-6702-490b-94d3-a4b652a7e25a,278328f8-570f-4c7d-ae38-dfd3b10a5664
6ddd374c-3b0a-4563-adf5-fe718abb07ad,f537831a-98b8-48ce-b151-b239c398faea,278328f8-570f-4c7d-ae38-dfd3b10a5664
079b0278-2d3b-40e3-9177-1bcf436b71e7,973684dc-9957-4f82-b7ef-ad5823845030,278328f8-570f-4c7d-ae38-dfd3b10a5664
0e7028b6-ec49-44d1-aa9d-c34fa35a9a5a,346e84ca-e3c7-47fa-bf96-8ef8d29da275,278328f8-570f-4c7d-ae38-dfd3b10a5664
e63ff832-0b61-4736-88ba-1b8a9fe26798,0fc2ff53-dd82-4942-8e2b-2c4b2e446ac1,278328f8-570f-4c7d-ae38-dfd3b10a5664
777de58c-9794-45f6-b66b-b2d6266011a7,0017e148-ebec-49f4-bd6c-4d7b5428e4da,26cfd98e-eeac-41e8-94a4-0b577e95c592
5281281d-db88-45fc-9271-caf105b526c4,0017e148-ebec-49f4-bd6c-4d7b5428e4da,278328f8-570f-4c7d-ae38-dfd3b10a5664
58ceef44-2b40-4d94-bd77-283603f07739,28919d51-9f48-4854-b685-42de5f9b50ed,26cfd98e-eeac-41e8-94a4-0b577e95c592
d47b9242-1b15-4852-9cca-424ccecee9d2,28919d51-9f48-4854-b685-42de5f9b50ed,278328f8-570f-4c7d-ae38-dfd3b10a5664
025d487b-c027-44a3-a7eb-786cf39bbc4b,5c67ff84-10c2-46ae-b6be-a4eb9ec381a7,26cfd98e-eeac-41e8-94a4-0b577e95c592
32f3535d-582d-41e8-a986-f4516a8ce1ce,5c67ff84-10c2-46ae-b6be-a4eb9ec381a7,278328f8-570f-4c7d-ae38-dfd3b10a5664
bbd85a91-c658-4fa3-beb4-aa121371bfa3,022195a2-f5d1-4fb9-add3-8abcf63f45de,26cfd98e-eeac-41e8-94a4-0b577e95c592
3b6bacef-c8d2-4b5b-ae53-2b06105046cf,022195a2-f5d1-4fb9-add3-8abcf63f45de,278328f8-570f-4c7d-ae38-dfd3b10a5664
5e334c1c-2d28-49d2-9a40-86dd4470bce2,1f53174f-4de7-4070-8a27-f55552fb37fe,26cfd98e-eeac-41e8-94a4-0b577e95c592
4531ec36-f1ad-4fa9-90ca-bc340aee733b,1f53174f-4de7-4070-8a27-f55552fb37fe,278328f8-570f-4c7d-ae38-dfd3b10a5664
772310a3-5536-485f-bf23-439a49523311,bf3420e8-d685-475b-81fc-491e3380dd29,26cfd98e-eeac-41e8-94a4-0b577e95c592
033c128e-39f7-4b15-abaa-b78361d18e6c,bf3420e8-d685-475b-81fc-491e3380dd29,278328f8-570f-4c7d-ae38-dfd3b10a5664
c949c8d2-6958-4f50-9c7e-c835c32d062e,2c37b720-dfc8-4f06-afe5-260d2dff8c1c,26cfd98e-eeac-41e8-94a4-0b577e95c592
828393c8-a705-4b91-9595-50fe02220dac,2c37b720-dfc8-4f06-afe5-260d2dff8c1c,278328f8-570f-4c7d-ae38-dfd3b10a5664
86460406-198c-4f74-bd7f-91b959fb74b1,21acb73e-fa3d-4c9b-90b6-e8fe09277421,26cfd98e-eeac-41e8-94a4-0b577e95c592
568f250d-7ce4-484d-886c-d7ad26635aee,21acb73e-fa3d-4c9b-90b6-e8fe09277421,278328f8-570f-4c7d-ae38-dfd3b10a5664
e0c9425a-7780-43ac-8675-e9c3748e618e,0bfd1339-272c-40af-ad58-4dd3bddd12d3,26cfd98e-eeac-41e8-94a4-0b577e95c592
c263a461-6892-481a-90ac-b9d8f821e4a8,0bfd1339-272c-40af-ad58-4dd3bddd12d3,278328f8-570f-4c7d-ae38-dfd3b10a5664
e50c01f9-9367-4d70-8614-510a2f3fec71,cac9ba2d-7367-4f5e-8e73-de21cf03fabe,26cfd98e-eeac-41e8-94a4-0b577e95c592
568bc291-ebb1-440d-b33d-019052be060f,cac9ba2d-7367-4f5e-8e73-de21cf03fabe,278328f8-570f-4c7d-ae38-dfd3b10a5664
98e0ef86-0546-43e4-bf48-1a8afb10eaa8,8cf9655c-c0a6-4b50-9c2a-8db27f5518e0,26cfd98e-eeac-41e8-94a4-0b577e95c592
558571f6-e2a2-4871-a457-f0a3d00f00d0,8cf9655c-c0a6-4b50-9c2a-8db27f5518e0,278328f8-570f-4c7d-ae38-dfd3b10a5664
6d29543f-de27-42cb-8536-7abbd54f1bbb,f7b73e74-52cf-424e-a815-789ccb5f41da,26cfd98e-eeac-41e8-94a4-0b577e95c592
af8d6533-f810-4ffd-a2a8-60e3cafe4c40,f7b73e74-52cf-424e-a815-789ccb5f41da,278328f8-570f-4c7d-ae38-dfd3b10a5664
a801d310-d637-41b2-a2a2-5fc913b87289,e2faf3bb-9a0d-4222-907a-5cd0ca5fb082,26cfd98e-eeac-41e8-94a4-0b577e95c592
767e1000-e2ec-49d9-9d0d-4a4845456bfc,e2faf3bb-9a0d-4222-907a-5cd0ca5fb082,278328f8-570f-4c7d-ae38-dfd3b10a5664
414146c8-0dfc-43fe-8361-2be28bbab30d,b7c5c9c2-9bf5-47f7-82f1-a6eb953b15c9,26cfd98e-eeac-41e8-94a4-0b577e95c592
38a3dbc6-6a43-4ee8-8914-9a0395479736,b7c5c9c2-9bf5-47f7-82f1-a6eb953b15c9,278328f8-570f-4c7d-ae38-dfd3b10a5664
2b7c2354-209a-4000-b5de-6cb4b4c59d29,90f5bc6c-db13-4a04-ab9b-25c23bc0721b,26cfd98e-eeac-41e8-94a4-0b577e95c592
656b40b2-0767-4eb1-8d5b-f4e4670762bb,90f5bc6c-db13-4a04-ab9b-25c23bc0721b,278328f8-570f-4c7d-ae38-dfd3b10a5664
a1bcedcb-3ae8-4897-b9c9-f760ac76c5ac,d647c8b6-d343-4c4a-ab64-52b48411791d,26cfd98e-eeac-41e8-94a4-0b577e95c592
3181dd74-1162-496a-825d-137c0a87c241,d647c8b6-d343-4c4a-ab64-52b48411791d,278328f8-570f-4c7d-ae38-dfd3b10a5664
2bb45318-69f9-4252-9dec-82ce96f25523,4f6bc6c5-102e-4536-991a-7520d0fdb100,26cfd98e-eeac-41e8-94a4-0b577e95c592
12139593-2dc1-4dec-8d2d-4c2208827d73,4f6bc6c5-102e-4536-991a-7520d0fdb100,278328f8-570f-4c7d-ae38-dfd3b10a5664
454624d0-1649-4d3d-ba1c-f06525642971,0dd22d43-f0bc-4e68-805e-dfeaab2b0546,26cfd98e-eeac-41e8-94a4-0b577e95c592
7a5ae339-da4d-46bd-b3fe-50e3fb91447c,0dd22d43-f0bc-4e68-805e-dfeaab2b0546,278328f8-570f-4c7d-ae38-dfd3b10a5664
54c81561-8f07-446a-9a47-de14738eb83c,8be21f34-e56f-435a-a1ec-6a2a1c3e6fc1,26cfd98e-eeac-41e8-94a4-0b577e95c592
83ead9a8-eaba-4c21-9faf-2e5aaa68e9ba,8be21f34-e56f-435a-a1ec-6a2a1c3e6fc1,278328f8-570f-4c7d-ae38-dfd3b10a5664
bdc90990-b021-4c6e-b769-74c13b810306,5d62869e-409e-4964-8403-60271e13f27e,26cfd98e-eeac-41e8-94a4-0b577e95c592
097c7007-df19-462f-b6a2-3f4a983ade03,5d62869e-409e-4964-8403-60271e13f27e,278328f8-570f-4c7d-ae38-dfd3b10a5664
8b45fe94-0a71-43f1-ac99-9bb925302b3a,374086a0-3243-4459-93c7-d6a70f3eb421,26cfd98e-eeac-41e8-94a4-0b577e95c592
c083bdb5-f969-4621-9200-493914079206,374086a0-3243-4459-93c7-d6a70f3eb421,278328f8-570f-4c7d-ae38-dfd3b10a5664
9de68b9b-d57d-4e0d-b9d8-9049ab4efa6b,593c7a18-83bc-4055-9924-36bd16a4da47,26cfd98e-eeac-41e8-94a4-0b577e95c592
44147e52-ed57-4690-9a11-1e32474f8964,593c7a18-83bc-4055-9924-36bd16a4da47,278328f8-570f-4c7d-ae38-dfd3b10a5664
2238600b-101a-4d02-9d40-0f6941e25ea6,4ec27198-8d14-4c84-b889-72b478a90649,26cfd98e-eeac-41e8-94a4-0b577e95c592
12796fcb-6f38-4e75-9011-32bdc5be8a60,4ec27198-8d14-4c84-b889-72b478a90649,278328f8-570f-4c7d-ae38-dfd3b10a5664
0d21f378-a6ca-4869-8f72-81327f168ed8,6e34a1a8-8f7b-4ad8-b1c1-179b0541d83b,26cfd98e-eeac-41e8-94a4-0b577e95c592
8e28e7ad-a4e5-4d3a-9b76-0673704e4357,6e34a1a8-8f7b-4ad8-b1c1-179b0541d83b,278328f8-570f-4c7d-ae38-dfd3b10a5664
773f4911-ac47-4b2b-964a-6c8049352d23,5397df2d-f68b-4060-a725-e2c083858489,26cfd98e-eeac-41e8-94a4-0b577e95c592
ecb06f7d-8b30-4fb0-b478-731fe8523660,5397df2d-f68b-4060-a725-e2c083858489,278328f8-570f-4c7d-ae38-dfd3b10a5664
6b5bd281-71fd-42ae-a93d-f0de0781cd5f,fd6bce44-8a7a-4405-b90b-f2c76731e5fd,26cfd98e-eeac-41e8-94a4-0b577e95c592
b7ed5ac7-c72b-4d41-94ed-41f0b5f41d13,fd6bce44-8a7a-4405-b90b-f2c76731e5fd,278328f8-570f-4c7d-ae38-dfd3b10a5664
491cc7e9-d9e7-4c96-a828-6a0adf4a6b97,da396582-8282-4cc4-99f0-34176c59bd17,26cfd98e-eeac-41e8-94a4-0b577e95c592
b121714e-392a-49d8-ba43-b4f32769e73f,da396582-8282-4cc4-99f0-34176c59bd17,278328f8-570f-4c7d-ae38-dfd3b10a5664
a5524d1b-5ec5-4a5c-ba61-a3a8ba40a156,4661f301-f101-4477-b6ab-b724693d3de7,26cfd98e-eeac-41e8-94a4-0b577e95c592
36f35b09-40c7-44c2-b59a-ba69f20d10a1,4661f301-f101-4477-b6ab-b724693d3de7,278328f8-570f-4c7d-ae38-dfd3b10a5664
836a6a3a-dead-4751-9c06-6657804a31b4,2dd0f883-ee62-414d-a6e8-c8c2280c092f,26cfd98e-eeac-41e8-94a4-0b577e95c592
362c215f-b562-4a64-b5b8-1e8b238e36e2,2dd0f883-ee62-414d-a6e8-c8c2280c092f,278328f8-570f-4c7d-ae38-dfd3b10a5664
54a4e0c4-2fa8-4d1f-8b67-684a01867ca1,acd28265-0612-44f0-921a-1ce3e123da16,26cfd98e-eeac-41e8-94a4-0b577e95c592
348b642f-bec5-4c25-b0c5-7fcc8b386bc8,acd28265-0612-44f0-921a-1ce3e123da16,278328f8-570f-4c7d-ae38-dfd3b10a5664
6655c44b-03ff-4b18-9b36-1ceb84c35d06,b3198396-d048-4be2-83e9-5d4999001b94,26cfd98e-eeac-41e8-94a4-0b577e95c592
96dea260-47ce-408e-bdc7-d5a966c428b1,b3198396-d048-4be2-83e9-5d4999001b94,278328f8-570f-4c7d-ae38-dfd3b10a5664
70c9af32-5efa-4d9c-96a3-8030f3bd5d35,c4639822-640c-4959-bd06-0e14f2a24bf2,26cfd98e-eeac-41e8-94a4-0b577e95c592
25441980-d76d-4e9c-b609-3d95508d3a3d,c4639822-640c-4959-bd06-0e14f2a24bf2,278328f8-570f-4c7d-ae38-dfd3b10a5664
fd334ac4-4e03-4962-a620-cba98ef4e2ba,e0ab54a9-b0ba-4474-a66b-47f7df731685,26cfd98e-eeac-41e8-94a4-0b577e95c592
ca2aeee8-af5a-404b-81ed-dcc4538b32d4,e0ab54a9-b0ba-4474-a66b-47f7df731685,278328f8-570f-4c7d-ae38-dfd3b10a5664
5cebd96d-61b6-496d-ad6e-fefaf1feaefd,70487bb6-5f30-4476-94d4-60b1d5a4ef26,26cfd98e-eeac-41e8-94a4-0b577e95c592
3ed60bff-fcec-4424-9201-8f9907edcf66,70487bb6-5f30-4476-94d4-60b1d5a4ef26,278328f8-570f-4c7d-ae38-dfd3b10a5664
5e29839b-66d0-4439-b480-ff13a9284ec4,e0d79c29-3df5-4cb5-9707-3144886bdb0f,26cfd98e-eeac-41e8-94a4-0b577e95c592
57fc5224-fea3-43c0-9cee-6020a6827521,e0d79c29-3df5-4cb5-9707-3144886bdb0f,278328f8-570f-4c7d-ae38-dfd3b10a5664
ec295d69-f380-4b90-8219-382e7cddc692,ce017b24-b562-4668-ad8a-4f018ba07575,26cfd98e-eeac-41e8-94a4-0b577e95c592
c896bee8-09a3-41dd-9a16-eb0460897b16,ce017b24-b562-4668-ad8a-4f018ba07575,278328f8-570f-4c7d-ae38-dfd3b10a5664
fee5b7d3-28d0-482f-b668-cd634c5bff50,47a6c6ac-26f8-459e-8f75-e3478ba46e5d,26cfd98e-eeac-41e8-94a4-0b577e95c592
413e5987-5bba-4282-87f9-485b878501d7,47a6c6ac-26f8-459e-8f75-e3478ba46e5d,278328f8-570f-4c7d-ae38-dfd3b10a5664
ccb8b804-ceb5-4854-abf0-58c0c6715b67,d44383a0-8ec0-4c1a-8015-93f97c17b041,26cfd98e-eeac-41e8-94a4-0b577e95c592
7e61a9cb-f73b-4ce4-9803-adc8e2c627b9,d44383a0-8ec0-4c1a-8015-93f97c17b041,278328f8-570f-4c7d-ae38-dfd3b10a5664
8f38c8bf-501f-4810-bb61-b1badb9d6c03,52213e5a-972c-4a20-9cb3-586c3b9c8fc4,26cfd98e-eeac-41e8-94a4-0b577e95c592
a32e09f2-18a3-4a90-898c-04b6317fa3ec,52213e5a-972c-4a20-9cb3-586c3b9c8fc4,278328f8-570f-4c7d-ae38-dfd3b10a5664
85bcbe17-4f9a-46e3-ac1f-9a2c36a9e213,ff4ba4e8-1b50-4912-8027-a93612d95150,26cfd98e-eeac-41e8-94a4-0b577e95c592
ae8daa8c-9fc3-4f7d-8de9-41034cb04d60,ff4ba4e8-1b50-4912-8027-a93612d95150,278328f8-570f-4c7d-ae38-dfd3b10a5664
a5477394-7c17-41f3-8d73-222ae3908046,4788dbd5-e6b0-4b86-b258-f333d308c6eb,26cfd98e-eeac-41e8-94a4-0b577e95c592
f9926654-d6e3-4e1d-ba13-f5fdd0db3fec,4788dbd5-e6b0-4b86-b258-f333d308c6eb,278328f8-570f-4c7d-ae38-dfd3b10a5664
994c7c5b-9492-47ad-8948-0439a0169f56,ee97a3f3-338c-4a91-84d3-def343a99ae7,26cfd98e-eeac-41e8-94a4-0b577e95c592
f305a265-fa7f-433e-a96e-545761ab9452,ee97a3f3-338c-4a91-84d3-def343a99ae7,278328f8-570f-4c7d-ae38-dfd3b10a5664
edc2895f-f193-4dcd-bd91-1eaaa4117898,b16d91e1-f0d2-4ac7-9967-34ce0996a319,26cfd98e-eeac-41e8-94a4-0b577e95c592
f20053f8-da5a-4c4e-879e-af76387e21ff,b16d91e1-f0d2-4ac7-9967-34ce0996a319,278328f8-570f-4c7d-ae38-dfd3b10a5664
0397cddb-9f28-4a73-bcd3-6fd179448f36,be7ee18d-df3e-4d59-bbe0-7bf9ebb1fb6b,26cfd98e-eeac-41e8-94a4-0b577e95c592
bffe2546-0412-4684-89e5-40e4190d6e85,be7ee18d-df3e-4d59-bbe0-7bf9ebb1fb6b,278328f8-570f-4c7d-ae38-dfd3b10a5664
4b58c0ee-9914-4550-9047-ef0d43be8a94,19f12142-2968-4ebf-ab7e-45d453c0fff6,26cfd98e-eeac-41e8-94a4-0b577e95c592
ba004bf1-fbd2-42e7-afee-2293605bb82c,19f12142-2968-4ebf-ab7e-45d453c0fff6,278328f8-570f-4c7d-ae38-dfd3b10a5664
aafa48ad-32d2-430d-a394-fbdffd0b767b,80d121c7-c9fc-4a48-b786-e5475b408426,26cfd98e-eeac-41e8-94a4-0b577e95c592
4845e1b4-4e7c-4c71-aa7a-43e65821365a,80d121c7-c9fc-4a48-b786-e5475b408426,278328f8-570f-4c7d-ae38-dfd3b10a5664
779cf0fc-dbbc-4f99-96ad-95ea29708020,28bcc130-9869-4860-afed-b5ca4ee91604,26cfd98e-eeac-41e8-94a4-0b577e95c592
e3715db6-abfd-4137-81a2-5c1eeb304ca5,28bcc130-9869-4860-afed-b5ca4ee91604,278328f8-570f-4c7d-ae38-dfd3b10a5664
935626c6-d9e3-48dd-98fc-73bb460ac69b,22cf5942-ebcd-43b3-8371-e8e4cddb40a9,26cfd98e-eeac-41e8-94a4-0b577e95c592
acd70e9a-667b-4580-89d9-2d00521b6a49,22cf5942-ebcd-43b3-8371-e8e4cddb40a9,278328f8-570f-4c7d-ae38-dfd3b10a5664
8b2006f1-28ad-4453-95e7-b61770a74e79,07c6fb7f-e38b-46b8-9c77-d9e77a0d2425,26cfd98e-eeac-41e8-94a4-0b577e95c592
83fdfc32-10d8-4081-a909-c46a76bba81c,07c6fb7f-e38b-46b8-9c77-d9e77a0d2425,278328f8-570f-4c7d-ae38-dfd3b10a5664
7ed1ea43-4945-43b9-8b13-ab9b24baa043,f67ddd01-c914-4ccf-85b4-3b5fbd2a033f,26cfd98e-eeac-41e8-94a4-0b577e95c592
73095f53-aaee-4497-9b90-ab5fdd67ecea,f67ddd01-c914-4ccf-85b4-3b5fbd2a033f,278328f8-570f-4c7d-ae38-dfd3b10a5664
bdf2a79c-ad8b-466d-945d-f3ed6b5b5fdd,faf3c996-941d-43a3-802d-da4b6179d044,26cfd98e-eeac-41e8-94a4-0b577e95c592
351b8abe-dcfd-4e59-8437-71b78e2e0141,faf3c996-941d-43a3-802d-da4b6179d044,278328f8-570f-4c7d-ae38-dfd3b10a5664
0ea28b22-485e-40f6-83c2-0e5a90ba94e2,b15087a3-b8d9-495f-b37f-4da4ee7aa27a,26cfd98e-eeac-41e8-94a4-0b577e95c592
ec822625-159a-4ac5-b985-bc286e8c896a,b15087a3-b8d9-495f-b37f-4da4ee7aa27a,278328f8-570f-4c7d-ae38-dfd3b10a5664
211dbb99-fd76-45de-9a10-61af180000ba,14c295b4-1700-4b1e-9295-ef0708082494,26cfd98e-eeac-41e8-94a4-0b577e95c592
2469ca85-e297-4c30-8ef0-ebc9f49cb7ea,14c295b4-1700-4b1e-9295-ef0708082494,278328f8-570f-4c7d-ae38-dfd3b10a5664
e9167121-72f1-48bd-9e35-5e643e8fac16,bd36adeb-0542-4cae-bd77-1b44a1fbebc4,26cfd98e-eeac-41e8-94a4-0b577e95c592
9aa4aa7e-002a-42e1-882e-7d5ef715465d,bd36adeb-0542-4cae-bd77-1b44a1fbebc4,278328f8-570f-4c7d-ae38-dfd3b10a5664
306796a2-5e4f-456b-b154-8110175f83ba,39d04ec3-5c67-49eb-b268-2e7a5784a82a,26cfd98e-eeac-41e8-94a4-0b577e95c592
b22ea2df-a5e3-4110-92ca-d7eeda24eae6,39d04ec3-5c67-49eb-b268-2e7a5784a82a,278328f8-570f-4c7d-ae38-dfd3b10a5664
780ae71f-455b-4377-838a-b23c6d959f6b,30a2661b-2044-4a2d-aa4b-f8ecd9bd80ea,26cfd98e-eeac-41e8-94a4-0b577e95c592
fc0edff0-c36f-4ae7-bceb-74844e548651,30a2661b-2044-4a2d-aa4b-f8ecd9bd80ea,278328f8-570f-4c7d-ae38-dfd3b10a5664
73dddc2c-c2ba-4521-9b67-d0eb716d0620,22a5f9a5-a16e-47f1-a31d-a2b464499945,26cfd98e-eeac-41e8-94a4-0b577e95c592
3efe3a35-2243-44b5-bd7e-728af1d2c468,22a5f9a5-a16e-47f1-a31d-a2b464499945,278328f8-570f-4c7d-ae38-dfd3b10a5664
4f2c3ae2-ae5f-4418-866b-41fc20eea1b1,56089bca-07bd-4787-849f-d2239e8869d2,26cfd98e-eeac-41e8-94a4-0b577e95c592
662f9e6d-21d9-4ef8-b536-a3bd5ba227cd,56089bca-07bd-4787-849f-d2239e8869d2,278328f8-570f-4c7d-ae38-dfd3b10a5664
d5497aba-cffe-44bb-a295-c416695312cb,c2bd7ef4-70b2-448f-9432-c57336526a59,26cfd98e-eeac-41e8-94a4-0b577e95c592
d37aa5d1-f1bb-4eee-b783-89b84b70a2fc,c2bd7ef4-70b2-448f-9432-c57336526a59,278328f8-570f-4c7d-ae38-dfd3b10a5664
e968fafd-a70a-4987-b863-bd5dd8e037ec,34b86c22-7057-429b-9ab2-de880362ea5d,26cfd98e-eeac-41e8-94a4-0b577e95c592
5114bf2b-14cc-41a4-ae9b-bc368d4d20ab,34b86c22-7057-429b-9ab2-de880362ea5d,278328f8-570f-4c7d-ae38-dfd3b10a5664
ba1b8cf4-4697-4012-9dd9-b392e7e69aa7,21cf6168-d720-4a4f-af0c-6c4f5324345d,26cfd98e-eeac-41e8-94a4-0b577e95c592
8a16f08d-cf9e-4b38-b982-aaf260978078,21cf6168-d720-4a4f-af0c-6c4f5324345d,278328f8-570f-4c7d-ae38-dfd3b10a5664
4a5a5186-a032-4aa6-b369-26abc9350480,cdc58809-2928-4fc0-8c53-23de0a79acba,26cfd98e-eeac-41e8-94a4-0b577e95c592
bac0e113-b6cd-4d68-8564-c99644567809,cdc58809-2928-4fc0-8c53-23de0a79acba,278328f8-570f-4c7d-ae38-dfd3b10a5664
7c34edef-6fb6-4768-b986-76eadeca5974,7d4ffff3-875e-49b0-afe7-49ac0c9f2793,26cfd98e-eeac-41e8-94a4-0b577e95c592
96d0800e-7a5f-42ec-a6be-87598fe44119,7d4ffff3-875e-49b0-afe7-49ac0c9f2793,278328f8-570f-4c7d-ae38-dfd3b10a5664
aba98b52-ba2d-40b6-b71c-177719ecdfe1,304a61a3-a1b5-42bf-b9f9-9bf493063402,26cfd98e-eeac-41e8-94a4-0b577e95c592
756e60e4-73b8-40d2-bc3f-ff3324bc60bb,304a61a3-a1b5-42bf-b9f9-9bf493063402,278328f8-570f-4c7d-ae38-dfd3b10a5664
f3a182a7-6ebd-4584-9b20-a40e3b1ab3d0,ffb2df9e-f5fb-4a47-bd38-8de0841ec9f0,26cfd98e-eeac-41e8-94a4-0b577e95c592
b0d08ca5-1cf8-499e-8a2d-088862e517c5,ffb2df9e-f5fb-4a47-bd38-8de0841ec9f0,278328f8-570f-4c7d-ae38-dfd3b10a5664
4d4860a9-1920-4145-a74c-d2fb38697179,83c60dd0-f53d-44a7-b573-7ca2b5ca2ff5,26cfd98e-eeac-41e8-94a4-0b577e95c592
537a4b2b-6269-4a6b-a12c-3220c0ee50bc,83c60dd0-f53d-44a7-b573-7ca2b5ca2ff5,278328f8-570f-4c7d-ae38-dfd3b10a5664
532276cc-f144-42f0-b5e2-6221162fc838,763d18b6-c72e-40ff-8a49-9640ebef92bc,26cfd98e-eeac-41e8-94a4-0b577e95c592
72ef0329-cde0-40ba-81ca-79c5e79b00e1,763d18b6-c72e-40ff-8a49-9640ebef92bc,278328f8-570f-4c7d-ae38-dfd3b10a5664
e7f716a6-08dd-4e9e-bded-5e901c78a947,d0e1fdba-c693-4358-baed-c38961f3d914,26cfd98e-eeac-41e8-94a4-0b577e95c592
c3e9f129-3575-4423-bc89-ab4d00ba66d0,d0e1fdba-c693-4358-baed-c38961f3d914,278328f8-570f-4c7d-ae38-dfd3b10a5664
cdbd4cef-8900-4131-a9e3-73ad4594eacd,6dc40682-1b17-45dc-a1df-cf0c920d65d5,26cfd98e-eeac-41e8-94a4-0b577e95c592
f46cf06c-6878-460e-93d6-5ea15b9dc886,6dc40682-1b17-45dc-a1df-cf0c920d65d5,278328f8-570f-4c7d-ae38-dfd3b10a5664
25467589-b93e-4e16-8d9f-2ef11227934e,22872e6e-669e-47e3-b286-bed090e8b372,26cfd98e-eeac-41e8-94a4-0b577e95c592
a4df6149-484a-4980-a34a-201edd9e9bde,22872e6e-669e-47e3-b286-bed090e8b372,278328f8-570f-4c7d-ae38-dfd3b10a5664
6f09f99a-c911-4d65-b94a-5452dbe5cd40,8815a6c9-0d71-49d3-9de7-62d49dd0e500,26cfd98e-eeac-41e8-94a4-0b577e95c592
f21877e3-5119-4889-8aed-7c326e716e54,8815a6c9-0d71-49d3-9de7-62d49dd0e500,278328f8-570f-4c7d-ae38-dfd3b10a5664
67ca9ff1-2afa-4efe-a8b7-51c1f080cc15,5d9522e3-3a92-4556-9873-c50f3661424f,26cfd98e-eeac-41e8-94a4-0b577e95c592
aa0f8417-c2db-402d-a356-ed8110b18df5,5d9522e3-3a92-4556-9873-c50f3661424f,278328f8-570f-4c7d-ae38-dfd3b10a5664
44c8ecc0-1fd2-4a9f-8a5a-0c5042dac20f,963726ea-a48c-4c48-a066-fe6f95cb7201,26cfd98e-eeac-41e8-94a4-0b577e95c592
a1265959-e2ac-4815-8512-27b2a48bf30a,963726ea-a48c-4c48-a066-fe6f95cb7201,278328f8-570f-4c7d-ae38-dfd3b10a5664
e77c196a-778f-43ee-bb75-e4e4b9582478,f4e5f6de-58b3-4d12-9bf2-a518a50c2e33,26cfd98e-eeac-41e8-94a4-0b577e95c592
86e10f5f-82a0-41df-83c4-fea4d09dcf7d,f4e5f6de-58b3-4d12-9bf2-a518a50c2e33,278328f8-570f-4c7d-ae38-dfd3b10a5664
2c233699-8bb4-43e9-8d01-d604428c1e65,e0c4ceba-9655-475d-b293-61458b4ed458,26cfd98e-eeac-41e8-94a4-0b577e95c592
33f23668-7219-48c1-9158-57cf813b19cd,e0c4ceba-9655-475d-b293-61458b4ed458,278328f8-570f-4c7d-ae38-dfd3b10a5664
ff6ee1c6-be9d-4902-a100-03867fb7413e,c12e2923-e9a0-4f83-abd3-5e9904f43887,26cfd98e-eeac-41e8-94a4-0b577e95c592
fd7b76f8-a546-4767-8cc9-7c087e93e1aa,c12e2923-e9a0-4f83-abd3-5e9904f43887,278328f8-570f-4c7d-ae38-dfd3b10a5664
c533ae5e-364b-475b-baeb-587eef1126f2,9eb6b08f-e04f-4ddd-8ba3-d78cce316332,26cfd98e-eeac-41e8-94a4-0b577e95c592
f21d0db5-082d-4f46-9a72-53b7b61904ea,9eb6b08f-e04f-4ddd-8ba3-d78cce316332,278328f8-570f-4c7d-ae38-dfd3b10a5664
3a209d6c-0538-4e16-93d3-7c5464fd5428,602740e1-e49a-41f3-ad49-ca66e6527d6d,26cfd98e-eeac-41e8-94a4-0b577e95c592
0e3bf672-cd8c-4fb1-b42c-17f309107e39,602740e1-e49a-41f3-ad49-ca66e6527d6d,278328f8-570f-4c7d-ae38-dfd3b10a5664
30460685-48a0-46da-ae0d-f101afd76aac,d96186bd-6168-4af0-bed7-2a90846f032b,26cfd98e-eeac-41e8-94a4-0b577e95c592
c0996659-3c5a-4e52-8c35-17746d4b64e0,d96186bd-6168-4af0-bed7-2a90846f032b,278328f8-570f-4c7d-ae38-dfd3b10a5664
12550ccb-6db7-43ce-83c5-f6eb9a734abf,b1b4b65b-73e6-422d-bad6-67734412700f,26cfd98e-eeac-41e8-94a4-0b577e95c592
51c28031-b599-47ca-96e1-53dcea5c2a92,b1b4b65b-73e6-422d-bad6-67734412700f,278328f8-570f-4c7d-ae38-dfd3b10a5664
16a5470f-31e1-49c7-9d58-bbf140027bb1,139bc700-cfe9-46c8-b6db-a2cdeaeed3b3,26cfd98e-eeac-41e8-94a4-0b577e95c592
6910aa92-7b1e-4b22-83ca-73a37a71060c,139bc700-cfe9-46c8-b6db-a2cdeaeed3b3,278328f8-570f-4c7d-ae38-dfd3b10a5664
b449e786-eb33-4ed1-986a-c33f11da36e1,12f4f02c-037e-432d-9695-d5939ddbfd80,26cfd98e-eeac-41e8-94a4-0b577e95c592
72427206-a342-4f06-8d45-bf11014a60bf,12f4f02c-037e-432d-9695-d5939ddbfd80,278328f8-570f-4c7d-ae38-dfd3b10a5664
a014ec1b-f93d-4d1e-8a2a-05b32f1f4c18,a58bfa80-23d2-414d-8acf-2d16ab5504c6,26cfd98e-eeac-41e8-94a4-0b577e95c592
fc9ef30f-31a0-4adc-a77f-c7bad5f5f8a5,a58bfa80-23d2-414d-8acf-2d16ab5504c6,278328f8-570f-4c7d-ae38-dfd3b10a5664
50a738ee-6607-46f2-939c-fd646671be29,251ce3fa-6c5b-40b0-aec1-337c835a750f,26cfd98e-eeac-41e8-94a4-0b577e95c592
20455dfb-cc0d-4cda-8033-22c80a6b0ed6,251ce3fa-6c5b-40b0-aec1-337c835a750f,278328f8-570f-4c7d-ae38-dfd3b10a5664
15bcf272-3dd4-40ec-a8e8-8d413891cbd7,c6701eb5-254d-4a90-9ad3-c2c1845d046f,26cfd98e-eeac-41e8-94a4-0b577e95c592
7c3fb311-e91a-4062-a3f6-de6d8879f26b,c6701eb5-254d-4a90-9ad3-c2c1845d046f,278328f8-570f-4c7d-ae38-dfd3b10a5664
5e30e762-8583-4f7e-9b7b-5cc8ec7d9a4d,0cb317f7-9ead-474d-a791-255ed65d0fa6,26cfd98e-eeac-41e8-94a4-0b577e95c592
db009458-a2e8-4581-b139-6f258ecdd2dd,0cb317f7-9ead-474d-a791-255ed65d0fa6,278328f8-570f-4c7d-ae38-dfd3b10a5664
cf2c27de-e09c-4204-a094-2091280c59bb,a94b28c0-08d9-4d9c-baf8-21428c24b323,26cfd98e-eeac-41e8-94a4-0b577e95c592
5e1334b4-6505-4bb1-ac4a-319bf07a7c24,a94b28c0-08d9-4d9c-baf8-21428c24b323,278328f8-570f-4c7d-ae38-dfd3b10a5664
68974932-8490-4fd4-b137-1c679bcec176,69addca6-dae3-42fb-958d-a8b1ab47d6f1,26cfd98e-eeac-41e8-94a4-0b577e95c592
ea7e5c12-d93c-4a32-86bf-2f7571217fa0,69addca6-dae3-42fb-958d-a8b1ab47d6f1,278328f8-570f-4c7d-ae38-dfd3b10a5664
9aecc505-f7dd-48b4-9922-dfbeb436009f,abf851a9-6feb-49ea-beb3-dd8fe98b9e8f,26cfd98e-eeac-41e8-94a4-0b577e95c592
5113a07a-e1b5-4823-9928-3ea872b65a04,abf851a9-6feb-49ea-beb3-dd8fe98b9e8f,278328f8-570f-4c7d-ae38-dfd3b10a5664
0049d644-eb22-4b11-8d7d-05ce95dfc7d6,034c3b41-7c5a-4557-b104-bd40173be0b5,26cfd98e-eeac-41e8-94a4-0b577e95c592
62223173-177d-4352-9000-c538353d755f,034c3b41-7c5a-4557-b104-bd40173be0b5,278328f8-570f-4c7d-ae38-dfd3b10a5664
a9d31df5-52eb-4370-8a5b-3c0b3f850a01,ff90d0e0-3939-47ae-a764-cfd77e6f6e0a,26cfd98e-eeac-41e8-94a4-0b577e95c592
d4b59fa6-0f9c-4349-bec2-416d888c271f,ff90d0e0-3939-47ae-a764-cfd77e6f6e0a,278328f8-570f-4c7d-ae38-dfd3b10a5664
bf2035b2-db77-4324-ad3c-30451e9e38f1,a247d515-a1bb-4a6a-ae60-db9f6e5cb669,26cfd98e-eeac-41e8-94a4-0b577e95c592
2ebf7f76-d64f-4c3a-9ed6-cf8ab4eb2d98,a247d515-a1bb-4a6a-ae60-db9f6e5cb669,278328f8-570f-4c7d-ae38-dfd3b10a5664
6ab07747-d302-41ed-b79a-51317074e505,32aceb2d-7222-406c-95ef-e5ffb1c57ddd,26cfd98e-eeac-41e8-94a4-0b577e95c592
127a39d6-5a41-4ad6-b1a0-b95fb841d0f8,32aceb2d-7222-406c-95ef-e5ffb1c57ddd,278328f8-570f-4c7d-ae38-dfd3b10a5664
d5ad024a-84f8-4fc0-a4e8-c7b0ee1443da,ee3f972b-67ce-4b2c-9ed3-aca23671f131,26cfd98e-eeac-41e8-94a4-0b577e95c592
30d2e8fe-082e-4109-8ffd-f0700b400770,ee3f972b-67ce-4b2c-9ed3-aca23671f131,278328f8-570f-4c7d-ae38-dfd3b10a5664
3f10d405-0a0a-4deb-b3cd-4d3ffb65f1b6,a6052be2-d9c3-477f-b5db-8b0e28929d57,26cfd98e-eeac-41e8-94a4-0b577e95c592
c07cf01b-96c8-4ac5-aa53-b02f993da508,a6052be2-d9c3-477f-b5db-8b0e28929d57,278328f8-570f-4c7d-ae38-dfd3b10a5664
63723e25-221c-4d00-9b98-d21f373ff826,a439fb48-7920-4800-8de6-1b08ebbfb0cf,26cfd98e-eeac-41e8-94a4-0b577e95c592
7b4a1225-c662-414f-9f04-9f4ef3b6aa1c,a439fb48-7920-4800-8de6-1b08ebbfb0cf,278328f8-570f-4c7d-ae38-dfd3b10a5664
8c6026c2-8116-4a27-af3a-675edc77f1bc,9f19a2e5-957e-4905-aa54-4acb19afe460,26cfd98e-eeac-41e8-94a4-0b577e95c592
80736752-ccc6-484e-884c-24d12c1fc6e9,9f19a2e5-957e-4905-aa54-4acb19afe460,278328f8-570f-4c7d-ae38-dfd3b10a5664
4f4689cc-07d3-4c46-b449-3d6bc1362a1e,eed6c3c2-cc50-421d-b5b4-1dfb9d3630e5,26cfd98e-eeac-41e8-94a4-0b577e95c592
35adfa3e-d7eb-4cdc-84f5-512ee4c31f00,eed6c3c2-cc50-421d-b5b4-1dfb9d3630e5,278328f8-570f-4c7d-ae38-dfd3b10a5664
a9530f8d-163f-4faf-a74e-d415bdeb0f64,82e6c876-baaf-4afa-a7ca-9ec74d6cdbe1,26cfd98e-eeac-41e8-94a4-0b577e95c592
b43935df-8ec1-46c1-8e48-f5dd4c457b4c,82e6c876-baaf-4afa-a7ca-9ec74d6cdbe1,278328f8-570f-4c7d-ae38-dfd3b10a5664
b7f00d90-e533-4d83-90dc-c52e3c18ea4e,2f9db9e9-ffdc-4ba2-ae40-9d90e5c003c9,26cfd98e-eeac-41e8-94a4-0b577e95c592
eb1ceb3b-d4de-49f6-9b66-fb468c9dcb91,2f9db9e9-ffdc-4ba2-ae40-9d90e5c003c9,278328f8-570f-4c7d-ae38-dfd3b10a5664
e39bcf16-36a5-4eed-9e37-bd5ee209b7e3,b9862b4b-6992-420b-9c53-94e7c81224b4,26cfd98e-eeac-41e8-94a4-0b577e95c592
fca5d99f-003d-447e-b337-36cec983d38f,b9862b4b-6992-420b-9c53-94e7c81224b4,278328f8-570f-4c7d-ae38-dfd3b10a5664
f7d5446e-6bae-4fba-b8df-16191362e413,481e4a9f-86b3-41ed-a1d9-30bfbacf6dc4,26cfd98e-eeac-41e8-94a4-0b577e95c592
a7a527b1-4899-4682-9a57-5add59f8f99a,481e4a9f-86b3-41ed-a1d9-30bfbacf6dc4,278328f8-570f-4c7d-ae38-dfd3b10a5664
29b421d9-ef88-4f7b-9a8d-2de33938cf93,2973fcda-eb7c-49ec-8842-8f940bcbf6bd,26cfd98e-eeac-41e8-94a4-0b577e95c592
2191aad1-6f38-4601-b5fe-09a819e0fb5d,2973fcda-eb7c-49ec-8842-8f940bcbf6bd,278328f8-570f-4c7d-ae38-dfd3b10a5664
035e4d3c-ce1c-4d6c-b6fd-5ad971f9222b,fa488995-0350-45c2-968d-cb86d9801f65,26cfd98e-eeac-41e8-94a4-0b577e95c592
5888ade5-b048-4ff9-969d-37394a30a8ea,fa488995-0350-45c2-968d-cb86d9801f65,278328f8-570f-4c7d-ae38-dfd3b10a5664
32a08f6a-de18-4208-ad2f-9b39dab10caf,35b8ee99-a153-4af3-a330-ae315cc94590,26cfd98e-eeac-41e8-94a4-0b577e95c592
443aad91-751b-4046-82de-7cf625ec487e,35b8ee99-a153-4af3-a330-ae315cc94590,278328f8-570f-4c7d-ae38-dfd3b10a5664
ea9ede72-e269-40b0-8dcc-3bb40e71adf0,268a7dca-3fee-45ba-927b-5d5f9d9e2b74,26cfd98e-eeac-41e8-94a4-0b577e95c592
4ed14a7e-3b0e-4408-be1b-3512ea622696,268a7dca-3fee-45ba-927b-5d5f9d9e2b74,278328f8-570f-4c7d-ae38-dfd3b10a5664
b2f3cf96-b694-45a1-9f54-c140ae90e50d,2b4fd180-3534-4b56-8fd9-d5b42ae6d1ea,26cfd98e-eeac-41e8-94a4-0b577e95c592
d6c9d7e9-789c-4b92-8f42-34b2cc2f6cf0,2b4fd180-3534-4b56-8fd9-d5b42ae6d1ea,278328f8-570f-4c7d-ae38-dfd3b10a5664
1186c176-f655-412d-a6c8-01e268f409ee,76e212a0-3455-4871-9107-493ae0e677de,26cfd98e-eeac-41e8-94a4-0b577e95c592
6051ceba-b585-435c-bbcf-825962689881,76e212a0-3455-4871-9107-493ae0e677de,278328f8-570f-4c7d-ae38-dfd3b10a5664
a7c8e692-39b6-403f-b5bc-7e805dcc327c,64dcf042-1cf8-4c0e-a666-8d54c07f9e72,26cfd98e-eeac-41e8-94a4-0b577e95c592
e25dfec7-72ef-45ea-a183-42cb67f47b6d,64dcf042-1cf8-4c0e-a666-8d54c07f9e72,278328f8-570f-4c7d-ae38-dfd3b10a5664
9465a780-6349-485e-86fa-1441657e3fe8,b272c001-2646-44b7-853e-97ab89f10086,26cfd98e-eeac-41e8-94a4-0b577e95c592
ab173be0-2a38-4ab0-9c38-1c033258a523,b272c001-2646-44b7-853e-97ab89f10086,278328f8-570f-4c7d-ae38-dfd3b10a5664
de5dba65-60f0-46be-97a0-eef9aae216fd,6d9b7125-b5ce-4243-8ad6-a6556099c187,26cfd98e-eeac-41e8-94a4-0b577e95c592
e2a5ac42-7c0e-4e88-bc55-3d537faeeaa8,6d9b7125-b5ce-4243-8ad6-a6556099c187,278328f8-570f-4c7d-ae38-dfd3b10a5664
74e66c1b-a0c7-4cdf-a15f-147a0ca08a6c,080583ef-0d8f-481a-848b-7e43745e810a,26cfd98e-eeac-41e8-94a4-0b577e95c592
2766d269-f170-49b5-b1c1-24049157b739,080583ef-0d8f-481a-848b-7e43745e810a,278328f8-570f-4c7d-ae38-dfd3b10a5664
4797d7e4-454f-471b-af6c-ae9672620a3f,00488817-fe6a-4b8e-889f-2eec4e38b144,26cfd98e-eeac-41e8-94a4-0b577e95c592
a865f33a-138f-4caa-8f7e-8db5365db682,00488817-fe6a-4b8e-889f-2eec4e38b144,278328f8-570f-4c7d-ae38-dfd3b10a5664
b13f0f86-6aa7-4d97-8b49-1fbec6acd266,e1564b79-dcbf-4d1e-a6ca-12ef5e3609cf,26cfd98e-eeac-41e8-94a4-0b577e95c592
420ef575-0536-4a2a-8513-86255511369c,e1564b79-dcbf-4d1e-a6ca-12ef5e3609cf,278328f8-570f-4c7d-ae38-dfd3b10a5664
0bcb05aa-1625-45b1-8de6-2c63d5c05f95,d3cd3f11-972f-40c7-988c-fc81fcf4513c,26cfd98e-eeac-41e8-94a4-0b577e95c592
58aba16e-d226-4145-a1de-7902db2b5625,d3cd3f11-972f-40c7-988c-fc81fcf4513c,278328f8-570f-4c7d-ae38-dfd3b10a5664
a99be1d9-b183-4abe-bfdd-496fa589cacc,4aff828b-310f-405a-a698-deb10cda3eaa,26cfd98e-eeac-41e8-94a4-0b577e95c592
e2a88cec-9745-40f3-862a-8351e6a115f0,4aff828b-310f-405a-a698-deb10cda3eaa,278328f8-570f-4c7d-ae38-dfd3b10a5664
ebb826b6-4b9e-4150-97b0-18905e570077,c19715e9-d521-486d-9ec6-72572dc5c1ae,26cfd98e-eeac-41e8-94a4-0b577e95c592
d967ebac-48f8-4ae9-90ea-52b3b36b8738,c19715e9-d521-486d-9ec6-72572dc5c1ae,278328f8-570f-4c7d-ae38-dfd3b10a5664
705307ec-3a41-41b5-9157-e83b5d334208,40e83668-e710-416f-882f-e7fd4a54e887,26cfd98e-eeac-41e8-94a4-0b577e95c592
328d07cb-3f2f-4c2b-a91e-87058e189ff1,40e83668-e710-416f-882f-e7fd4a54e887,278328f8-570f-4c7d-ae38-dfd3b10a5664
33988a44-1e73-4165-ab6b-65802ca69d07,c8059f44-da96-44e2-a90b-c0bb94923b2f,26cfd98e-eeac-41e8-94a4-0b577e95c592
2c06f987-e486-4e48-9860-57a26837039f,c8059f44-da96-44e2-a90b-c0bb94923b2f,278328f8-570f-4c7d-ae38-dfd3b10a5664
e084207b-dbbb-4ea4-99c2-910bf999e20f,11fb552c-f357-4fe9-b000-37a208efb8dc,26cfd98e-eeac-41e8-94a4-0b577e95c592
30817c6d-6b75-4203-989a-e76f136619f4,11fb552c-f357-4fe9-b000-37a208efb8dc,278328f8-570f-4c7d-ae38-dfd3b10a5664
25f4c81e-72c3-4d76-a4b6-e5b7b6ab91b8,fef611b1-54c4-4c6f-8223-a39dc5d21e52,26cfd98e-eeac-41e8-94a4-0b577e95c592
3f850ed4-127c-4b49-948b-9a45d7346d92,fef611b1-54c4-4c6f-8223-a39dc5d21e52,278328f8-570f-4c7d-ae38-dfd3b10a5664
90a0c7a5-aa4c-4212-aa83-d21bc815ea82,3aa7bf8f-a4e3-4325-a6ce-0a42a4029441,26cfd98e-eeac-41e8-94a4-0b577e95c592
492bbaee-4ebd-4039-a4c3-89c09715e1b5,3aa7bf8f-a4e3-4325-a6ce-0a42a4029441,278328f8-570f-4c7d-ae38-dfd3b10a5664
4670d13a-e0d7-4913-8e37-95b0c0d73b68,b1ba7848-43db-4606-85d4-7db8407e0e49,26cfd98e-eeac-41e8-94a4-0b577e95c592
b5d091a0-e489-4371-90cc-f64b4b91887b,b1ba7848-43db-4606-85d4-7db8407e0e49,278328f8-570f-4c7d-ae38-dfd3b10a5664
7ac8e889-6bdb-4c3f-b3e6-9770cff9a606,7ef44439-7631-4275-9264-887a058900cd,26cfd98e-eeac-41e8-94a4-0b577e95c592
7aa64026-4ecb-4a4d-afc7-a839b8292e83,7ef44439-7631-4275-9264-887a058900cd,278328f8-570f-4c7d-ae38-dfd3b10a5664
00886b53-dc06-4d3c-86c6-4e2bb81479d7,3f21fde7-22f8-4774-b020-c47b1ab9e0a4,26cfd98e-eeac-41e8-94a4-0b577e95c592
27a485af-264f-4eef-9d6f-1bad3cdacae8,3f21fde7-22f8-4774-b020-c47b1ab9e0a4,278328f8-570f-4c7d-ae38-dfd3b10a5664
f03e18b5-ae1d-4204-9a9d-c4aaf8ac82b4,4827a102-92a6-46c3-aeeb-020db00b8866,26cfd98e-eeac-41e8-94a4-0b577e95c592
6ab47ca1-91a0-49b9-8703-45d7460deedc,4827a102-92a6-46c3-aeeb-020db00b8866,278328f8-570f-4c7d-ae38-dfd3b10a5664
aff95e2e-bbc9-4769-93ad-474d11afd697,1f7a75d2-70f4-456c-a536-d6938a4db891,fd4d83a8-4f1f-4143-ae90-5c4cc2c913d9
27fe5c25-05e6-4e0a-a504-1b9b3ef10b93,d2ccc445-4328-4e15-bb54-1dde5ae73968,fd4d83a8-4f1f-4143-ae90-5c4cc2c913d9
6b53d1cc-53ae-4f19-8517-336d63cc465e,1459b62a-37aa-497f-b6a2-ff62f92e30de,fd4d83a8-4f1f-4143-ae90-5c4cc2c913d9
7d8d3f6b-1c00-493a-9550-2ed8ca67f9a8,abb53d9b-740b-496e-9faf-c16c5af8f18e,fd4d83a8-4f1f-4143-ae90-5c4cc2c913d9
50e4310d-7055-4db0-8fba-a0410ea45ae5,815d7812-0e1d-4dd6-a3f1-27b39da9f0f9,fd4d83a8-4f1f-4143-ae90-5c4cc2c913d9
b28a39fa-203f-4a4c-bf27-7f17dbfcb865,3282fefe-684a-4e7e-9426-36755aff60b0,fd4d83a8-4f1f-4143-ae90-5c4cc2c913d9
1924a9ee-d287-48fb-a368-12c97084f2c0,094c5790-8588-43d4-afb3-c9e6df85d844,fd4d83a8-4f1f-4143-ae90-5c4cc2c913d9
ba03ea22-af5e-4d59-b72f-25807f8469b7,7f73b05a-9b1f-491b-8878-1e6d486d2d5d,fd4d83a8-4f1f-4143-ae90-5c4cc2c913d9
75702dfe-ce32-47bc-a126-46d1ff265324,9744399a-aea8-4e93-9dbc-2bfa14f9ae74,fd4d83a8-4f1f-4143-ae90-5c4cc2c913d9
0a2e88de-05d8-44e6-8e5a-a39c1890d4ce,df0cdc5a-53c8-4cbf-a4c1-16235bbde6b7,fd4d83a8-4f1f-4143-ae90-5c4cc2c913d9
7abd9043-bfd8-432c-9215-d1253ab9e22f,d4593b68-82ee-4b17-b52f-1700d04cfd68,fd4d83a8-4f1f-4143-ae90-5c4cc2c913d9
18ae4e79-213b-44f2-bb51-f2b89989795f,d4ab3f21-e59d-4db4-8e4e-fa4ff2a05df8,fd4d83a8-4f1f-4143-ae90-5c4cc2c913d9
034dfc01-d430-4176-ab47-5e929f3ec522,a1e45ee1-ac71-4188-9b67-388ca30bf2ec,fd4d83a8-4f1f-4143-ae90-5c4cc2c913d9
ec23fb1a-5f53-47bb-ac9a-785b9bc2554c,a168ccf6-cef6-4d91-a10c-e23389f4691a,fd4d83a8-4f1f-4143-ae90-5c4cc2c913d9
a519332e-2e69-4660-bb1f-33ffea109aa7,3a000616-1a87-4643-a27f-34ae57ed8c00,fd4d83a8-4f1f-4143-ae90-5c4cc2c913d9
604fd229-206f-48bb-a45a-564c9a3a3cf9,7d96998b-c1ba-4078-8b55-e79cb922eb2f,fd4d83a8-4f1f-4143-ae90-5c4cc2c913d9
e9cfae90-1da9-4447-8f4c-6d2ac13393bf,0ed3c071-2065-4253-8ebb-40790ce07c21,fd4d83a8-4f1f-4143-ae90-5c4cc2c913d9
3901fa86-f056-4673-b315-d326312a47cd,a08e130b-de18-46bf-885e-4b9321dc8187,fd4d83a8-4f1f-4143-ae90-5c4cc2c913d9
ab789c64-7bd0-491c-bb59-c3893322b435,fe40b9ab-2c8e-4523-a406-70098c4b5f5c,fd4d83a8-4f1f-4143-ae90-5c4cc2c913d9
2a80bab8-fb79-4a6e-80ec-d09ee9165369,f6f03a46-ffe3-4e82-93e8-37ad2ebddb5d,fd4d83a8-4f1f-4143-ae90-5c4cc2c913d9
7abe4737-4f08-4fc2-8f15-82c88f45536c,91adfb6a-d032-4c92-af48-90e00c2cb445,fd4d83a8-4f1f-4143-ae90-5c4cc2c913d9
730e55f3-d986-4af3-8587-4f048dd43672,279475f1-8658-4e19-b3a4-fba0036edafc,fd4d83a8-4f1f-4143-ae90-5c4cc2c913d9
2c27f413-ebbf-45d9-8c14-d76c56c3eb1a,8e80e914-97fb-4195-ac98-b9e12db91b16,fd4d83a8-4f1f-4143-ae90-5c4cc2c913d9
8cbcaedf-521a-4202-b9fe-0b12c32bb7f6,0cc50015-c590-4a56-b527-45cb62ee9676,fd4d83a8-4f1f-4143-ae90-5c4cc2c913d9
db567591-6979-4e5d-a5a8-7d20a7596021,2c74e899-9a62-42e9-89b7-1a01544f96cd,fd4d83a8-4f1f-4143-ae90-5c4cc2c913d9
c9726c07-4628-4030-a320-ef2037c6570d,7d0b194f-e147-4bc7-96c3-485ce99d83e0,fd4d83a8-4f1f-4143-ae90-5c4cc2c913d9
a4855321-6c18-464a-a4ca-ce1e09c22f32,32ea7d3b-b73f-421a-99c3-fe49757a98c3,fd4d83a8-4f1f-4143-ae90-5c4cc2c913d9
bf2483ee-0b99-4382-a5c3-724127feb4d6,b1d5fa13-283d-46e4-bc07-647d68992d2b,fd4d83a8-4f1f-4143-ae90-5c4cc2c913d9
7433b766-be69-4d85-a9ca-b16476c74ecc,a44bc1cc-b543-4472-80c9-4c3cbf431643,fd4d83a8-4f1f-4143-ae90-5c4cc2c913d9
76d1dd82-d9f3-48e7-afa6-3ec0ca9cfdb1,2b578289-a78e-4255-bf5d-fdd91306c1c0,fd4d83a8-4f1f-4143-ae90-5c4cc2c913d9
03856afa-be5b-4699-aefb-390c7b5908c8,237c3d63-03ed-47a3-82f4-4629c0138b5b,fd4d83a8-4f1f-4143-ae90-5c4cc2c913d9
93a00a13-5e82-4ca7-a638-6905d835d0e4,f29736bd-6d05-4cdb-9215-3b04028cdb94,fd4d83a8-4f1f-4143-ae90-5c4cc2c913d9
abd38508-7af9-43d0-ba5a-32f2863ad3c4,73c3222c-55a4-4720-bbab-06e3d22bb747,fd4d83a8-4f1f-4143-ae90-5c4cc2c913d9
2e39018a-b37d-4a47-9040-d72024ffab27,4d5e912b-7bb6-4f95-add4-8b6a7281636e,fd4d83a8-4f1f-4143-ae90-5c4cc2c913d9
e023c926-dbd0-4c2d-8f12-881562adb5bd,21faf2a3-0f00-4c75-ac5a-1a6bc8ac9ada,fd4d83a8-4f1f-4143-ae90-5c4cc2c913d9
80c1b4e4-57ef-4813-90a1-af505605ccb6,e70e6cb6-20e3-43d5-aa04-c3a7614de833,fd4d83a8-4f1f-4143-ae90-5c4cc2c913d9
dff27fa0-ab77-4948-9ab0-88946330615d,123c11ae-b35c-4a25-a42c-90632c316afe,fd4d83a8-4f1f-4143-ae90-5c4cc2c913d9
e7d82432-8f17-4da6-893a-dd5028bffac0,4d5b7a3d-012a-4146-9a6d-c60eded255fb,fd4d83a8-4f1f-4143-ae90-5c4cc2c913d9
d1d2f57e-4e4e-4187-ac94-684249c247d7,9ac1826b-27ef-4751-b7a0-8d3780aa9fdc,fd4d83a8-4f1f-4143-ae90-5c4cc2c913d9
f72d1f6e-a70b-469b-b2d2-d0fc534ea89e,940bfb5a-b884-426c-84ba-0401cdb80474,fd4d83a8-4f1f-4143-ae90-5c4cc2c913d9
3fc28bf6-02c1-4a49-8ee1-f15f861db59b,1527fc18-8114-44cd-8468-f9fb9b735ffc,fd4d83a8-4f1f-4143-ae90-5c4cc2c913d9
daf1325a-3df2-4aed-8492-30d14cd0e33f,747bd8a5-a426-4265-87b7-7d84c4ef5692,fd4d83a8-4f1f-4143-ae90-5c4cc2c913d9
7fd4f810-94f1-440d-a7ad-32de0208ca05,4e8572e3-565d-47b8-baef-29a51916d7ad,fd4d83a8-4f1f-4143-ae90-5c4cc2c913d9
085bd338-a445-4e54-bd58-7f2139b76144,c15106a4-123c-4053-989a-76738c882de1,fd4d83a8-4f1f-4143-ae90-5c4cc2c913d9
9801e3f7-c218-40b0-bc6a-6958ef8ba7e0,e66ccced-8868-46dc-aaab-40fa738f29af,fd4d83a8-4f1f-4143-ae90-5c4cc2c913d9
a14eb2c6-c02b-4d06-a891-5af390facd12,453aa96d-a6f4-4290-9f17-8ddada69cf84,fd4d83a8-4f1f-4143-ae90-5c4cc2c913d9
54bfbb58-db67-43ab-a1f2-d7b666201953,c28a69f1-ff5c-498d-a9e0-dd1b89699008,fd4d83a8-4f1f-4143-ae90-5c4cc2c913d9
6ddb8008-7177-47ae-bb85-7b0b14500815,68589940-d800-466b-9551-49ee9186817c,fd4d83a8-4f1f-4143-ae90-5c4cc2c913d9
fa0e2414-a3e3-4dde-9fab-4bdb6abdc615,16a604aa-6b82-43ec-bc23-12910600d4f9,fd4d83a8-4f1f-4143-ae90-5c4cc2c913d9
c49bf0c1-6373-404e-83ea-3316b9da308a,6fee9281-0d1a-47bc-bfea-9d5e7910f556,fd4d83a8-4f1f-4143-ae90-5c4cc2c913d9
c81411ab-d7aa-4467-abae-3e4afef33e9c,c69a7eb1-e81a-4a43-8768-594674617cbf,fd4d83a8-4f1f-4143-ae90-5c4cc2c913d9
4c2e8656-cf9f-43f8-a15d-95eccfa51b99,0c1045d3-c011-4e5f-83b6-6de05c0e868d,fd4d83a8-4f1f-4143-ae90-5c4cc2c913d9
e21b3813-174b-456b-a1bb-d80096e9e982,4c4e81a8-d943-4ba8-97fe-266dbb7679c0,fd4d83a8-4f1f-4143-ae90-5c4cc2c913d9
53610481-28ca-4f95-a1ae-d0c5bf36527a,08b994fa-9bd8-489c-80fe-ad726c37cd3b,fd4d83a8-4f1f-4143-ae90-5c4cc2c913d9
34a3ab84-fbd9-427d-9592-46d13183630f,25563dd2-edfb-4cf7-ac65-91172b750db1,fd4d83a8-4f1f-4143-ae90-5c4cc2c913d9
a72d5d17-8533-4aff-b248-d66dfae4f9d1,fa55ffee-90f8-4dca-81ab-0ef71d84e11a,fd4d83a8-4f1f-4143-ae90-5c4cc2c913d9
47b30525-e218-43fa-9ffb-0c3f60a85a1c,bb69dd4f-fee3-43b2-a06f-4e0faa26b94e,fd4d83a8-4f1f-4143-ae90-5c4cc2c913d9
70a4c298-c83f-4977-8e77-0e6aef733880,c2990647-cdb1-4344-bc06-12d82568cfa5,fd4d83a8-4f1f-4143-ae90-5c4cc2c913d9
88344135-6e59-435d-b0f6-e2bf26720865,a38e7425-58d8-42c0-b235-5cd74c1ca550,fd4d83a8-4f1f-4143-ae90-5c4cc2c913d9
4b66527f-a0a0-4912-97c8-651cc3597d1a,7e7ea2b6-7813-4995-8c89-7881602651f8,fd4d83a8-4f1f-4143-ae90-5c4cc2c913d9
fbcedf47-f82a-4e46-a21d-33cb19589dbe,0301c9ef-70c6-4607-93cd-9f2606e22913,fd4d83a8-4f1f-4143-ae90-5c4cc2c913d9
ea28cb56-c322-468f-b39b-41d9eee3b9e5,ac69b0e4-4e5c-408a-bd4b-9af002542705,fd4d83a8-4f1f-4143-ae90-5c4cc2c913d9
662e96c5-5677-4b24-bf0c-12a392668d9d,feb46844-36cb-4993-8965-6f4138fb846d,fd4d83a8-4f1f-4143-ae90-5c4cc2c913d9
2b457578-2f44-48fc-a986-cc4de80a3b68,db280d07-5683-442a-b7f6-5591fb66ebd3,fd4d83a8-4f1f-4143-ae90-5c4cc2c913d9
62a8ac28-27f6-4981-94c8-edb6f2038fea,26a59ffb-8e6f-4861-a7a6-5eb72266398b,fd4d83a8-4f1f-4143-ae90-5c4cc2c913d9
9b23ca1c-25b5-4fed-923c-5e9c4f61d658,fefb3821-3003-455e-99d5-bc786aecf55d,fd4d83a8-4f1f-4143-ae90-5c4cc2c913d9
0b2401cd-ed1f-49fd-9cec-bbb053e037a6,4b68449c-e8f1-4060-b3ac-672518bba66d,fd4d83a8-4f1f-4143-ae90-5c4cc2c913d9
1001ef88-8192-441f-b1a3-c295d84b35cb,41a57b83-5b34-4efc-b13b-6e4705f41654,fd4d83a8-4f1f-4143-ae90-5c4cc2c913d9
4f66ebdc-1d99-4bb6-b4e2-1069f26718a3,e988fef7-671c-45be-b79c-f2a8a6aa0c16,fd4d83a8-4f1f-4143-ae90-5c4cc2c913d9
e2b8e170-9338-48c7-a171-0f38063ff0d4,65e64b24-383b-4ed3-a63a-ae704dd0fc84,fd4d83a8-4f1f-4143-ae90-5c4cc2c913d9
9385b80a-d6dd-4780-9e03-c473db43529b,7f282d62-a8d5-4cea-9c96-97f579f13ee3,fd4d83a8-4f1f-4143-ae90-5c4cc2c913d9
e8948773-e058-4227-b4a8-0c507e1c3e1c,851813d9-08dd-41bd-9326-00bb01ec03c8,fd4d83a8-4f1f-4143-ae90-5c4cc2c913d9
f1dc90ad-fc26-478c-8f56-acbc0657a6d7,f5763f7c-ee42-4afd-81a6-05a3e1882425,fd4d83a8-4f1f-4143-ae90-5c4cc2c913d9
90776194-1ae1-49f4-9ec2-153614c46281,ea9f72d1-c732-4d4d-8fbd-546bebdfa0fb,fd4d83a8-4f1f-4143-ae90-5c4cc2c913d9
534ff53d-79f0-458f-95dd-7287ed049f39,a20db688-707d-4940-aab8-94c7ee99b99e,fd4d83a8-4f1f-4143-ae90-5c4cc2c913d9
ad0051f3-f330-40ca-97f9-85706b6f9728,6736e3f0-be78-435c-ad7e-5fcdf3794eaa,fd4d83a8-4f1f-4143-ae90-5c4cc2c913d9
e94274fd-167c-4f3c-a6de-f0e347778244,41d6fa53-2320-4720-95f9-e17f0dc95558,fd4d83a8-4f1f-4143-ae90-5c4cc2c913d9
a2575084-142e-4bcc-896e-369e89f5e1db,10b90955-a80f-4739-aa00-42ea77d61744,fd4d83a8-4f1f-4143-ae90-5c4cc2c913d9
e93d7095-ca2e-4f4b-9857-fb84fc2a07c4,4c6887e5-5b05-42af-9886-d8cc96faef9e,fd4d83a8-4f1f-4143-ae90-5c4cc2c913d9
15ddafe9-bdf7-476a-b78f-0dddfc5ac172,8f691772-2f50-4eaa-9827-b223f9d5485d,fd4d83a8-4f1f-4143-ae90-5c4cc2c913d9
b6c40df6-50a6-4f1f-9acf-5866bd6ecda1,a7ee372a-d509-404e-8006-61cbe1f4ede4,fd4d83a8-4f1f-4143-ae90-5c4cc2c913d9
8705fdf3-9c59-40e2-bce3-c0bcdbabd134,b9af6f2c-d444-40c6-b0d9-01d91f3e17fa,fd4d83a8-4f1f-4143-ae90-5c4cc2c913d9
39918de6-9325-423f-9a5a-49d15c87e80d,909e5542-4c70-44b5-8058-aba9d08b57f9,fd4d83a8-4f1f-4143-ae90-5c4cc2c913d9
907f9426-9866-4f93-9502-a46717850a29,eccd3221-2f97-459c-bc99-029c0a85f4d9,fd4d83a8-4f1f-4143-ae90-5c4cc2c913d9
87b4ae5d-d49c-428b-bed0-6b5e70047c59,e5ece00b-8274-44a3-8d61-344f82ee57fb,fd4d83a8-4f1f-4143-ae90-5c4cc2c913d9
165b46db-70a7-4aa3-b752-ac5b2b483821,ab96b402-d127-47da-9be0-436b675a6d1c,fd4d83a8-4f1f-4143-ae90-5c4cc2c913d9
be4319c7-699c-44ac-8bfb-f6b239aa139f,f2aac25c-cbdb-46d7-bacc-667d62724bfd,fd4d83a8-4f1f-4143-ae90-5c4cc2c913d9
0f09ff55-c825-4887-8beb-dc737a838c66,0a07c2a1-3eee-47a6-bcd0-0c46eacc9a59,fd4d83a8-4f1f-4143-ae90-5c4cc2c913d9
4d80d4f8-a5fd-4a47-898d-1f293dbba3b8,18cf0bfb-4873-476e-9385-fc962075026c,fd4d83a8-4f1f-4143-ae90-5c4cc2c913d9
2cbc6b06-d95d-4fd4-96b3-291fba52365d,6a7e1054-c429-491d-9d79-105036f88c16,fd4d83a8-4f1f-4143-ae90-5c4cc2c913d9
2ad26faf-1bb9-450f-9783-83f5b88ee836,6429d09b-6934-49f4-8a85-55ba12a74028,fd4d83a8-4f1f-4143-ae90-5c4cc2c913d9
de919f8d-ec3b-4de1-b262-f4e0fa6b87b8,3f79ea47-7bd2-4b43-8d63-72d7c4085f3a,fd4d83a8-4f1f-4143-ae90-5c4cc2c913d9
d108e382-758b-4939-9cea-4491273c83ac,305cbac9-e066-4990-b891-cd0863b5bb99,fd4d83a8-4f1f-4143-ae90-5c4cc2c913d9
359c813d-cc24-4a17-bcd3-b6096e462b4c,b0693894-5a9a-4e4e-8ba4-d0608887da21,fd4d83a8-4f1f-4143-ae90-5c4cc2c913d9
60d2874c-6a67-4061-a7dd-ac15fc5827ce,e68941c3-f1cc-47d9-92eb-bbd7f3807a7e,fd4d83a8-4f1f-4143-ae90-5c4cc2c913d9
1b566a21-fb8c-46d1-aa5d-924fdd506f1f,842dda8e-3648-4729-8c67-8a66684e9860,fd4d83a8-4f1f-4143-ae90-5c4cc2c913d9
529fb465-21eb-4538-bf87-a87677ffc919,19c1107f-88c1-4860-94e3-61a72b81e92a,fd4d83a8-4f1f-4143-ae90-5c4cc2c913d9
d0f32ced-ce62-4928-8aea-71351cc2effc,f4ab3b29-76f6-4311-9d36-20a21976179f,fd4d83a8-4f1f-4143-ae90-5c4cc2c913d9
1e9a073b-ae22-4a82-b584-49e9dace711b,8dda4f7a-6267-4ace-a5e7-a680951317eb,fd4d83a8-4f1f-4143-ae90-5c4cc2c913d9
387ddbde-c8a0-40a2-a946-8cbbca3d86f1,d1723c1e-4e71-4bad-8b72-1f1f5ad1ef34,fd4d83a8-4f1f-4143-ae90-5c4cc2c913d9
7ec87c56-9f74-4f49-950c-7f2d7126a13b,7ed10c54-1695-409e-b5c7-f92ae5e77a91,fd4d83a8-4f1f-4143-ae90-5c4cc2c913d9
27214584-0558-4b5e-9072-8eef18df71f0,ffdf4e9c-b194-4c02-961f-fc4d80f41419,fd4d83a8-4f1f-4143-ae90-5c4cc2c913d9
848d55a0-a5e1-42b5-9407-17430bfe5806,c7f436d7-fc82-4609-aa12-c348a8a27e82,fd4d83a8-4f1f-4143-ae90-5c4cc2c913d9
13ad9815-85d8-4a85-a398-1bbb63bdf297,124f4193-2f4c-45e5-b78e-26bbf8cacf3b,fd4d83a8-4f1f-4143-ae90-5c4cc2c913d9
18080cbb-327b-46f8-9046-b2c96131da75,c8f1ca29-0ea3-4f8b-a52b-ebf1d28f8759,fd4d83a8-4f1f-4143-ae90-5c4cc2c913d9
bdee9af9-6ed8-46d1-8557-111a9ef02b13,355b0124-c82e-4102-953a-4b4b0192e225,fd4d83a8-4f1f-4143-ae90-5c4cc2c913d9
30eafe61-3e8d-4095-ad3c-03b427c9f330,f09b458c-33b9-4292-921f-7c920661fd62,fd4d83a8-4f1f-4143-ae90-5c4cc2c913d9
0200d011-0d2b-4f99-9cf6-4a51365c7453,26953c94-f7f7-4abe-84b5-ab92875937ae,fd4d83a8-4f1f-4143-ae90-5c4cc2c913d9
6c14fc75-bd5b-42e3-978e-b8e2c391e3e6,4840dab4-ac6c-460e-8f6a-4db7ef2cf05a,fd4d83a8-4f1f-4143-ae90-5c4cc2c913d9
f911fa04-d781-44a0-a36b-944e30ee47d6,3de262ea-6f56-426d-93c4-778d4b048f62,fd4d83a8-4f1f-4143-ae90-5c4cc2c913d9
bee531b7-ad28-4deb-b01e-cc39834f4824,4a13bcba-2c1e-4fa2-9a1b-249244472c69,fd4d83a8-4f1f-4143-ae90-5c4cc2c913d9
b0771a3d-1830-45d9-b401-958a921967bc,fdc30742-4c27-414b-a0c6-751919700dd4,fd4d83a8-4f1f-4143-ae90-5c4cc2c913d9
b450faa6-2484-4584-af9b-d9e952a99085,4b0a751d-9253-4492-b5db-e2230cc7d81d,fd4d83a8-4f1f-4143-ae90-5c4cc2c913d9
7ee351f4-efc8-459d-a13e-dd7a0a956d37,47470612-2be3-44cc-be93-347482a7753e,fd4d83a8-4f1f-4143-ae90-5c4cc2c913d9
614e6c72-823e-4701-a986-4f5b83ca4145,cafafe0a-d06a-4fcd-9c9b-13b922ddfc1d,fd4d83a8-4f1f-4143-ae90-5c4cc2c913d9
b3dfc141-203c-46d1-9967-e3b6aaed68c6,f07536b1-9ee9-42b5-a714-f6d8b9bb2f71,fd4d83a8-4f1f-4143-ae90-5c4cc2c913d9
05ebd43b-8121-400d-9a1b-7632a435c081,659afeb7-af11-46fb-a54c-7c69dbf56c9a,fd4d83a8-4f1f-4143-ae90-5c4cc2c913d9
c7508ba9-82d0-4549-b5d6-04a60b747a1b,5224c8ff-7040-487b-8505-85b86a21ccb9,fd4d83a8-4f1f-4143-ae90-5c4cc2c913d9
1192aa6e-0cba-4069-a887-81bd31755fee,aa5ed698-5950-4a4c-9a8e-a19db913ab47,fd4d83a8-4f1f-4143-ae90-5c4cc2c913d9
0be5da2a-4b83-47c6-b343-a614d2f4446e,55faee29-fa54-48de-856f-7e853a7d196a,fd4d83a8-4f1f-4143-ae90-5c4cc2c913d9
a72072bf-d6fc-4303-bf43-a76a8b944318,05c6ef5b-5c69-47d0-a055-2bc11a28cc6f,fd4d83a8-4f1f-4143-ae90-5c4cc2c913d9
32620092-58c5-4e25-9eaf-a7072c027802,a1289bcf-8b84-46c7-972e-a33f376a2c8f,fd4d83a8-4f1f-4143-ae90-5c4cc2c913d9
fbead520-ddb8-4080-8c25-36012244837a,b3ca56b2-588e-46b5-adf6-f03c93ccaabe,fd4d83a8-4f1f-4143-ae90-5c4cc2c913d9
4215674a-8f95-4a2f-aeda-9a0788ed9430,f4a3f141-6b4b-40eb-9417-29c84db986d9,fd4d83a8-4f1f-4143-ae90-5c4cc2c913d9
ce033447-2722-4712-8dda-8e121b592aec,c76c67a4-570e-4721-b307-f078b7a0ee16,fd4d83a8-4f1f-4143-ae90-5c4cc2c913d9
59594868-fc8a-49a6-aa26-6d13bba2aeca,70e058e4-d870-4f8f-916f-f8d0c745b61f,fd4d83a8-4f1f-4143-ae90-5c4cc2c913d9
56e0184c-6c46-49e8-9989-9f4430a1d57e,c77d72c5-f381-4f3c-a639-b809738bcdea,fd4d83a8-4f1f-4143-ae90-5c4cc2c913d9
19c57ae8-2049-4b25-824b-70cd6b557e66,9f5314b4-e381-44ac-89f2-bdae01c816ef,fd4d83a8-4f1f-4143-ae90-5c4cc2c913d9
e264adb6-4ab8-4eef-959d-21b51092e5b1,2badac1d-3120-48d9-91b5-156895b4a3b9,fd4d83a8-4f1f-4143-ae90-5c4cc2c913d9
41c7a5e4-97da-4ae8-8b6c-9afc8af95a98,f78e7dd1-71a1-45a8-99b1-ed3d8173182d,fd4d83a8-4f1f-4143-ae90-5c4cc2c913d9
12d0dbd0-87ec-44f8-8ab4-03efdd84d518,6af7ce66-596c-458a-9847-c77447d50820,fd4d83a8-4f1f-4143-ae90-5c4cc2c913d9
82b7bda9-b079-435c-a532-17899e0d2558,f7f15fb7-88ed-479d-800d-66fcc74cb3f9,fd4d83a8-4f1f-4143-ae90-5c4cc2c913d9
ac903398-d845-4068-acc7-c2fbc9fd9506,e1d6f6be-e0bf-4c4e-8e05-c6c1d1918594,fd4d83a8-4f1f-4143-ae90-5c4cc2c913d9
e935c8a8-7792-4ced-8278-9587defab6a1,bb57dd58-3f8a-4686-936e-fbc159272af3,fd4d83a8-4f1f-4143-ae90-5c4cc2c913d9
2393dc05-fb6a-4bb6-b37f-bdefc81e69b7,517fc5b0-02c1-455b-87d0-b6f196c7df81,fd4d83a8-4f1f-4143-ae90-5c4cc2c913d9
e292bfb7-0b5c-4b15-b22e-eb7593f92957,df2332aa-907a-4ba8-bfb5-5a00282eba5b,fd4d83a8-4f1f-4143-ae90-5c4cc2c913d9
e304b449-7630-4fb1-9d3f-bf3540591654,14fe10c2-f37a-4933-9ed4-a33b5e341b82,fd4d83a8-4f1f-4143-ae90-5c4cc2c913d9
81769595-46a7-40e8-bd7c-c1470e63850e,96575b75-b9e0-4eab-8d61-01b87cc9ac9c,fd4d83a8-4f1f-4143-ae90-5c4cc2c913d9
b8de1285-ceaf-4688-895e-6365ff6aa8ae,cf118c39-3ec8-4759-9d53-609af0e1bc23,fd4d83a8-4f1f-4143-ae90-5c4cc2c913d9
e11b89ac-130a-4edc-958b-f6d53b41dd5d,e0d39df2-374a-4077-979b-c0a9ed4006ac,fd4d83a8-4f1f-4143-ae90-5c4cc2c913d9
81b4ad00-06aa-4790-bffa-c4618f476e65,f83dead4-a3cb-4b9d-be54-0d6b27bbe10a,fd4d83a8-4f1f-4143-ae90-5c4cc2c913d9
aca0fe54-4b91-4580-9db5-c89d03bf7429,86567148-a491-4868-8554-1998e2681392,fd4d83a8-4f1f-4143-ae90-5c4cc2c913d9
a757912e-ce57-40b2-93ca-42d5c7fc589f,8e77adfb-831c-485a-bec9-93bfe9aa88cb,fd4d83a8-4f1f-4143-ae90-5c4cc2c913d9
ce2f5b3c-d26f-492d-ba07-0e5e8b149233,ba4e01b5-854e-4a0a-bc1f-bc8724fa39f8,fd4d83a8-4f1f-4143-ae90-5c4cc2c913d9
e952d36f-a316-40e2-8004-b4ed869fae34,61b41e47-e376-4ce0-9ccb-60ac92a76345,fd4d83a8-4f1f-4143-ae90-5c4cc2c913d9
c445c889-3584-4423-9f37-11ee7415a7f4,5dfb1451-3c52-418a-9acd-c79be0b232c2,fd4d83a8-4f1f-4143-ae90-5c4cc2c913d9
790b9355-b64c-4b11-af7b-8f57b9716c1a,c2227848-63fd-4964-b6ea-ee5882e47499,fd4d83a8-4f1f-4143-ae90-5c4cc2c913d9
66034f19-682a-4c7a-a694-afa43d103b70,497b9447-c0e9-4e3e-abfb-a8aecc8acd81,fd4d83a8-4f1f-4143-ae90-5c4cc2c913d9
a9bc3cc5-121b-4e1d-a398-21699bb278b2,0d3e4c85-dcf8-4046-9905-f8bafa9a9f1b,fd4d83a8-4f1f-4143-ae90-5c4cc2c913d9
48e48b67-050b-4630-96af-60a83d34c385,66a2aea3-9e86-4725-badb-3802f9fb0c42,fd4d83a8-4f1f-4143-ae90-5c4cc2c913d9
50e506b5-02fc-49db-bc8e-3e74db5f8f95,1135a308-4cb8-42ae-844e-26a4234ec5fe,fd4d83a8-4f1f-4143-ae90-5c4cc2c913d9
f5123309-374e-4fda-b62a-7294f248122d,6d7e004a-8b96-415b-a99a-00403c25a629,fd4d83a8-4f1f-4143-ae90-5c4cc2c913d9
7f44a882-a5da-4733-8f72-721aeab588a2,f5b3022e-50f5-47a2-97ed-54ba59684195,fd4d83a8-4f1f-4143-ae90-5c4cc2c913d9
9e511a7c-e2a7-407b-9db0-06638b3c3d9c,f3b55f6f-6d73-4ef6-a624-1f30d5fe18a5,fd4d83a8-4f1f-4143-ae90-5c4cc2c913d9
af15b969-8d2f-4632-9084-b4f8d22b316a,bda5d5c2-6e01-46e8-9c33-02c7ef4d5e0e,fd4d83a8-4f1f-4143-ae90-5c4cc2c913d9
54e0acb0-7dd0-4cdb-ac91-bf3d641a9acd,62f839c4-3879-49f8-91d4-4c7c8b435bd1,fd4d83a8-4f1f-4143-ae90-5c4cc2c913d9
143195b7-eab8-4f45-bc4b-a727a6e2d2f9,ab1174e3-2d84-448f-8661-7d77b3e95724,fd4d83a8-4f1f-4143-ae90-5c4cc2c913d9
1ae4b120-2860-4113-ae4f-4e8f169be892,4ff6716d-a47f-4dea-967a-0c340268d2a1,fd4d83a8-4f1f-4143-ae90-5c4cc2c913d9
05f3d6c4-7f30-4d89-82ce-92a5a038983f,db50bd6b-9331-480b-a3fc-e4c4a7986740,fd4d83a8-4f1f-4143-ae90-5c4cc2c913d9
518b5142-930f-4617-905c-61d48b7ac928,8dc2b6aa-2146-4ac6-b0c1-a932e7e452ff,fd4d83a8-4f1f-4143-ae90-5c4cc2c913d9
e6c18637-3bb6-4949-9bf9-0e7350d90057,70b37273-572c-41dc-943e-8e5b5735b40c,fd4d83a8-4f1f-4143-ae90-5c4cc2c913d9
633cbc4c-db74-44b5-9ba1-adc33c6fa696,0b294c87-320f-4c14-b8bb-5625500ef6b1,fd4d83a8-4f1f-4143-ae90-5c4cc2c913d9
4e28eabf-0d5a-465f-bab7-f25225e0980d,ed05f331-768d-43ee-9be8-8df4788223ce,fd4d83a8-4f1f-4143-ae90-5c4cc2c913d9
9b054246-3cc5-4606-8a81-271c3e82f5aa,86978b85-96d3-41a0-b534-b7ed3ec57fea,fd4d83a8-4f1f-4143-ae90-5c4cc2c913d9
e668f691-da83-4e6e-8563-75295627afaf,951b5674-71f9-4bbf-941c-564932a3e0ec,fd4d83a8-4f1f-4143-ae90-5c4cc2c913d9
ffccda1f-ef9a-4798-9ead-422fea6325e7,0ccd8f80-8f72-4f71-ab2e-93ab28c1d6aa,fd4d83a8-4f1f-4143-ae90-5c4cc2c913d9
15f0d216-bacf-4cc7-aaa6-9b09394d8adb,f9a26473-300d-4f93-9453-d45dc3bcec26,fd4d83a8-4f1f-4143-ae90-5c4cc2c913d9
4cb1c3f3-3d53-43b8-8b55-a7bd01cd3ec6,87e45a74-833a-4224-83e0-125e7ce63999,fd4d83a8-4f1f-4143-ae90-5c4cc2c913d9
8cd5e126-0e1f-4969-855b-611d74f92374,d434a1e0-638c-40aa-aa83-98a91b467f86,fd4d83a8-4f1f-4143-ae90-5c4cc2c913d9
90689210-cca7-45c2-8648-33bddda89ce3,9501f212-92b3-4e73-adac-fb1bfab897be,fd4d83a8-4f1f-4143-ae90-5c4cc2c913d9
72d942a0-8769-4841-80d2-5997e3a69e7f,022f8ac9-e5bf-4ab6-b9ae-b257a6ffa12a,fd4d83a8-4f1f-4143-ae90-5c4cc2c913d9
8e619a36-3b81-44f6-be60-71bef2d43763,cf361aea-ac4d-463a-922b-afc31e2349d4,fd4d83a8-4f1f-4143-ae90-5c4cc2c913d9
f897c126-be5b-43d0-8e2a-8a2af9fa9722,58e0720a-78a4-4f1c-9ab4-80dfe2f2cb83,fd4d83a8-4f1f-4143-ae90-5c4cc2c913d9
cfde628a-1327-4bb1-8743-2a54c0afe003,cc94efac-d9c1-4c27-a3d7-fe63b3192f70,fd4d83a8-4f1f-4143-ae90-5c4cc2c913d9
87803ba6-dc4d-41e8-8f0e-3d87f211f6a9,96b2eabd-39e0-4967-8567-80f68b81b717,fd4d83a8-4f1f-4143-ae90-5c4cc2c913d9
7a9a6e18-bb4d-4856-b382-108051eb602e,061cc115-91c4-4daf-bdfe-f175188a42b6,fd4d83a8-4f1f-4143-ae90-5c4cc2c913d9
a895a044-1200-4e99-9792-fee032e02d7b,b922b3ab-f8bc-476f-b8b3-0eaff7162dee,fd4d83a8-4f1f-4143-ae90-5c4cc2c913d9
422b9c8c-9506-4e9a-b432-9b4663c36daa,93bc43ca-26fb-4c0f-aeff-3152a6f13d30,fd4d83a8-4f1f-4143-ae90-5c4cc2c913d9
02af3229-171c-42cc-bcff-733aee202cee,97f987b5-d586-44e7-aee7-1c2b94c3dc20,fd4d83a8-4f1f-4143-ae90-5c4cc2c913d9
e66de3cf-d741-41d3-ace7-afcdea59ff40,77e648f6-a638-475b-a362-d7a9cb336821,fd4d83a8-4f1f-4143-ae90-5c4cc2c913d9
304919fb-03c0-40fd-8cb4-3d05c42bee72,14b6a754-a683-4ee7-8033-ef65654800e9,fd4d83a8-4f1f-4143-ae90-5c4cc2c913d9
038a7896-e707-4fe8-b0b5-00c109358623,1a608d80-5d94-4925-91ab-7327116281f6,fd4d83a8-4f1f-4143-ae90-5c4cc2c913d9
99f728c7-226c-4b2a-aa57-9ae522727511,360335cb-d221-477b-a82e-aefcb3ab098a,fd4d83a8-4f1f-4143-ae90-5c4cc2c913d9
c3b12950-5938-42ba-beab-0ca8b01946d9,4a0ab178-8d63-40f5-a25d-8f71af5a7fad,fd4d83a8-4f1f-4143-ae90-5c4cc2c913d9
2025b683-b7d3-432f-9805-1c7f532e52ff,0764fb4a-354e-4221-a64c-0fb21537b4e0,fd4d83a8-4f1f-4143-ae90-5c4cc2c913d9
ae674b0b-5ae5-4c6e-9ae0-bd9d9707e843,4ae97b63-92cf-45ba-bc3c-2185bee4e32a,fd4d83a8-4f1f-4143-ae90-5c4cc2c913d9
c61add09-0485-4afe-8ec1-69edc938e8c1,54a2659d-062c-41af-a51c-e8d9cf04509c,fd4d83a8-4f1f-4143-ae90-5c4cc2c913d9
ab0b4a1b-876d-47ea-a308-f1ce89819db9,2508ef03-6537-4c3d-9485-5f4c8e8984bd,fd4d83a8-4f1f-4143-ae90-5c4cc2c913d9
41dcae80-8618-431a-acee-d10b6803f817,d671df37-1473-48dd-85c9-248f1466718d,fd4d83a8-4f1f-4143-ae90-5c4cc2c913d9
59396bd1-6cef-43f6-957a-60b046140df6,5d6e3c54-7ebb-4c4e-ae68-a2253811697d,fd4d83a8-4f1f-4143-ae90-5c4cc2c913d9
2cdc2f64-eaab-4324-8f69-44a70f2657d2,50a067e9-e9d7-467e-b508-a00499317bd3,fd4d83a8-4f1f-4143-ae90-5c4cc2c913d9
3ffd1e9f-8857-4b4b-a055-59d144461ca1,7dd7659d-52be-4b02-bfa7-7d0e18096961,fd4d83a8-4f1f-4143-ae90-5c4cc2c913d9
7d0f4caf-c43b-4798-a258-f27cf6d57048,8c9df2f9-0bb1-4953-83de-a72ff9366178,fd4d83a8-4f1f-4143-ae90-5c4cc2c913d9
c150fd2d-e38d-4a4a-ba0f-1f76bea80ebd,353b29f4-891a-488e-9502-a5034e24a81d,fd4d83a8-4f1f-4143-ae90-5c4cc2c913d9
558d0616-2bdf-4adc-95e0-bb76d49f3197,6a6641b6-b805-4dec-8d3c-924347987117,fd4d83a8-4f1f-4143-ae90-5c4cc2c913d9
41d7657c-1f0f-4b07-a215-9e193ca6bb3a,21bc263b-58e3-4b1e-96f4-b7103c44b0e7,fd4d83a8-4f1f-4143-ae90-5c4cc2c913d9
4db28dae-311f-4b78-9a0f-fdeee0d606f5,576a9f57-bda3-422a-af17-fb5a6d1a8480,fd4d83a8-4f1f-4143-ae90-5c4cc2c913d9
4775ed3f-8f96-4baf-a1a4-5b39e449f447,07c89eb8-4d5f-43d9-a3ec-e3a38f8adf14,fd4d83a8-4f1f-4143-ae90-5c4cc2c913d9
baa36cbd-4a6e-4e0c-b786-e96e5dae48ab,02fb72a4-a13c-461d-bb2b-2531be3983f0,fd4d83a8-4f1f-4143-ae90-5c4cc2c913d9
49a9aeb7-b6b7-46ce-b949-4c46e2d3d773,218aad82-4c00-413a-b64b-4095f1987d8e,fd4d83a8-4f1f-4143-ae90-5c4cc2c913d9
fba517fd-47e8-448a-966d-a9470b67ff6c,7a2bc851-82b2-4e04-8e0c-8122b4b09042,fd4d83a8-4f1f-4143-ae90-5c4cc2c913d9
b15a1619-465b-4584-9828-d101b015f817,73b141fa-af9b-4360-9f2a-2f4f56e65631,fd4d83a8-4f1f-4143-ae90-5c4cc2c913d9
f914d80b-903e-424b-9d55-479ddaf62ab5,d1cac7d1-2093-4fbc-8d93-79f7a05a9b8a,fd4d83a8-4f1f-4143-ae90-5c4cc2c913d9
f47d6fab-07a5-456a-a8a4-ac2f1e5b077b,e564c232-8257-44fa-b908-fea7ba426508,fd4d83a8-4f1f-4143-ae90-5c4cc2c913d9
11b106ac-a6ad-49dc-af5c-6dcaa10540fb,e59acc63-1250-4f57-840a-6ecfd02a1776,fd4d83a8-4f1f-4143-ae90-5c4cc2c913d9
63e1586d-0e3e-49eb-a78b-fc276c5a7de1,1ed63f9b-922a-4dc8-9774-b553ee0de8c9,fd4d83a8-4f1f-4143-ae90-5c4cc2c913d9
e69d1330-8116-4019-a14f-56f794ca0a5e,8e9d7489-a6ef-401d-870c-c641afbaf493,fd4d83a8-4f1f-4143-ae90-5c4cc2c913d9
0ad95869-03f0-46f2-a576-707e006a59c8,092520e9-0bcb-4435-ac67-996dd197161b,fd4d83a8-4f1f-4143-ae90-5c4cc2c913d9
4c82ff39-0734-4480-a3a8-8416dc403642,aab057fb-71ea-4460-83c0-525654b20652,fd4d83a8-4f1f-4143-ae90-5c4cc2c913d9
1393d588-bcb4-41fd-9424-b7ad463b55fe,5606d730-7236-4aab-b7bf-52b47468827d,fd4d83a8-4f1f-4143-ae90-5c4cc2c913d9
59f0225f-b25d-4820-8884-12b70a281517,59fc69f6-1306-47a1-a9a4-ed8c15494f98,fd4d83a8-4f1f-4143-ae90-5c4cc2c913d9
7acd803d-caba-4910-b615-f52bb0f35bf0,12173f54-7ca7-4980-9623-07d941e926dd,fd4d83a8-4f1f-4143-ae90-5c4cc2c913d9
3d1e4074-63b8-41e7-83ef-fcec2c055076,d0689456-ec52-431c-8cf0-a448cf4f376c,fd4d83a8-4f1f-4143-ae90-5c4cc2c913d9
1e5df929-7452-464a-a0fc-ec75acbd537e,24617652-619e-4553-9def-31ce33e1db4b,fd4d83a8-4f1f-4143-ae90-5c4cc2c913d9
fcc7c6d0-7c8d-4fb8-966a-2baeaf970dd4,d6463298-3cc0-48b2-b1ef-bf83ff2955b2,fd4d83a8-4f1f-4143-ae90-5c4cc2c913d9
bb3438d0-8dc9-46ca-b400-9f4498bc0ffe,a790fef8-5916-4c8c-b792-0b6659537dbd,fd4d83a8-4f1f-4143-ae90-5c4cc2c913d9
1215bfcb-34eb-4673-a5d7-12b0a0faa0da,4490827e-b843-4383-b7c0-965319e5c801,fd4d83a8-4f1f-4143-ae90-5c4cc2c913d9
b4ba8e1f-b890-4944-9fa0-a2850d32e7b7,d4ef766e-3894-44a7-8e06-3af3a6cfaac3,fd4d83a8-4f1f-4143-ae90-5c4cc2c913d9
6e1bff3a-ee91-408a-927b-3717d85828de,e9b367b8-b9d3-4c0c-b4ce-5960211ada73,fd4d83a8-4f1f-4143-ae90-5c4cc2c913d9
0108f998-9c33-4e3d-9f4a-6fdf7ca3c2f9,a0ef9379-c2bc-4702-a0ac-cdc65729c53c,fd4d83a8-4f1f-4143-ae90-5c4cc2c913d9
867902e0-c2cb-497b-b580-bf33bf22b9a8,d65e1b9e-6c13-4282-b677-ae7abf3c3d17,fd4d83a8-4f1f-4143-ae90-5c4cc2c913d9
213012b0-6d89-44bb-959b-b577dc26e837,9041d1a7-1c17-4384-bcf8-d4ece92207fa,fd4d83a8-4f1f-4143-ae90-5c4cc2c913d9
a1632723-0889-4ca8-a2bf-0ac520e3554e,df719c49-521f-4684-aeae-20d0ecea77fe,fd4d83a8-4f1f-4143-ae90-5c4cc2c913d9
6dcc9013-c725-451d-8ce4-c660128b6dbc,3118d62c-2dc3-4743-85b8-311342569874,fd4d83a8-4f1f-4143-ae90-5c4cc2c913d9
e399af96-9206-495c-8cce-7a14a165827d,c8bb9e01-3163-4b53-8f2c-7d17eb922409,fd4d83a8-4f1f-4143-ae90-5c4cc2c913d9
7005f034-8eb4-49b0-8e73-419961180989,c5ca340a-51e6-4c85-a8d0-87bb8e477fd8,fd4d83a8-4f1f-4143-ae90-5c4cc2c913d9
a66a338d-34f7-4b4d-a9bc-d5ddb4a66fec,2458ff7f-a23a-4bb5-87be-cc532b5cf4c7,fd4d83a8-4f1f-4143-ae90-5c4cc2c913d9
f088c816-aa2e-4cab-a8bd-d9c9c691c4b0,8b6c6d6d-b0d6-4c15-a4ed-e198891d30a7,fd4d83a8-4f1f-4143-ae90-5c4cc2c913d9
9c32530c-c9ae-4287-a886-bf33db0f5247,71239495-b7a3-4d67-ae3d-e38fd9ad44e2,fd4d83a8-4f1f-4143-ae90-5c4cc2c913d9
33a6c4fa-fc26-4f0e-bdf6-6551a182f9fe,64fec0ef-9f2c-4eca-8858-0fee1742750d,fd4d83a8-4f1f-4143-ae90-5c4cc2c913d9
3cf79bdf-8d12-4f00-9106-9fd5c3d4178b,24211309-83c1-4a4a-94a1-1229528be70c,fd4d83a8-4f1f-4143-ae90-5c4cc2c913d9
892eb366-5739-4d19-bbd7-6bbf02861918,1c88f5a8-6af0-4ea3-af51-1fa8ea75ca79,fd4d83a8-4f1f-4143-ae90-5c4cc2c913d9
c93c81d6-4539-4ff8-9aa7-96c731c954a3,f87b73af-76a4-4d10-a3fa-77a138872b5c,fd4d83a8-4f1f-4143-ae90-5c4cc2c913d9
4f8ae13f-3d10-40cc-a7d1-98a60ba2fb74,9c246ac8-589e-4809-b38c-7ec515c2c1b0,fd4d83a8-4f1f-4143-ae90-5c4cc2c913d9
df8bab65-fa4d-43cf-9cc8-af1695a386b3,2456f3e4-e33e-4dd2-8d9a-fe28d9f7bd8c,fd4d83a8-4f1f-4143-ae90-5c4cc2c913d9
4237435a-d9ad-46e8-9214-f2e04e63a1c2,bf5b9838-3d4a-4d8b-8256-eb0368fb1204,fd4d83a8-4f1f-4143-ae90-5c4cc2c913d9
ef39962b-b70a-49fe-a9f3-e9d7788bb219,5e85ef70-18a7-4791-ae01-d90a1f41f327,fd4d83a8-4f1f-4143-ae90-5c4cc2c913d9
393960b8-a51f-4b51-9cb7-682f22ee615a,505d18cb-5515-4b91-afe4-b86a5deea778,fd4d83a8-4f1f-4143-ae90-5c4cc2c913d9
cfc6b284-29b3-435d-8bbf-7e55cd71245e,ca17d7c7-e408-4586-95be-08dc3d0e0658,fd4d83a8-4f1f-4143-ae90-5c4cc2c913d9
e6994aef-c39c-4884-9b09-c206bc84fde2,38a5e9de-c469-4069-9d69-d0e027a7855b,fd4d83a8-4f1f-4143-ae90-5c4cc2c913d9
063e035d-ef1c-4a98-a9b7-78396c8ddf2c,b9171196-e18c-4c82-871a-4a4b5148a9bd,fd4d83a8-4f1f-4143-ae90-5c4cc2c913d9
91bda73e-d752-41dc-aa8e-62273e27ef66,dc71122c-52b3-46e4-9789-ac38a0547ab5,fd4d83a8-4f1f-4143-ae90-5c4cc2c913d9
8cd3abcc-b397-4bf3-940e-161536a0473b,c2b6cd4f-65e9-4001-bb5b-a870c2b0fcbd,fd4d83a8-4f1f-4143-ae90-5c4cc2c913d9
ae372eee-c452-4281-a6d9-498369348133,b1ed44ea-79d4-4778-bb69-f1ec5464079a,fd4d83a8-4f1f-4143-ae90-5c4cc2c913d9
b98c2ecc-a520-4504-919e-a5e2a0b49e1f,8069d5be-ffd1-45d1-af79-1cfbf66a5609,fd4d83a8-4f1f-4143-ae90-5c4cc2c913d9
4a7a82d2-3c26-47c1-a5c8-4fe5cfb03857,3a60c017-2804-41cb-8bd9-a040acd8eff0,fd4d83a8-4f1f-4143-ae90-5c4cc2c913d9
97abaade-00e3-41f2-b45b-b5c167ade06a,8dfe2dd0-b79b-4020-a156-257e366c843c,fd4d83a8-4f1f-4143-ae90-5c4cc2c913d9
c630e528-ab80-4429-87ec-bbc803ebd529,5ceced59-abaf-4881-8d83-accf4ba92c59,fd4d83a8-4f1f-4143-ae90-5c4cc2c913d9
f1471f46-38fd-4beb-9cd6-7130496b7bf3,9fcd9cfa-35b6-4513-becc-e8601054f891,fd4d83a8-4f1f-4143-ae90-5c4cc2c913d9
cd7cbcca-e615-4b21-acb6-c2717833e203,69e25c66-30ba-425b-a9d3-cd6a02dc28d9,fd4d83a8-4f1f-4143-ae90-5c4cc2c913d9
429ca5fe-6faf-4e7e-b187-938b50e5a663,1f835376-2771-4e69-a0b9-74802e7d0cef,26cfd98e-eeac-41e8-94a4-0b577e95c592
f3f59fbf-c244-4c5e-a6f1-980ddef40b51,d12b7a83-8bb4-4747-b26a-089bafd1ff9f,26cfd98e-eeac-41e8-94a4-0b577e95c592
6387e125-a9b5-4259-8df8-5612bb6e21de,51087d16-a355-4a30-bbf6-5fca793f49f0,26cfd98e-eeac-41e8-94a4-0b577e95c592
3bbbd59f-cffb-4357-9c73-c599604a3195,06453b4f-a15c-4a1f-a74c-ecb556626884,26cfd98e-eeac-41e8-94a4-0b577e95c592
8a5529aa-e58f-489b-8cfb-3dbf935da048,f758766b-3e6d-4a83-887f-62bb8c2e466b,26cfd98e-eeac-41e8-94a4-0b577e95c592
f2547478-b0d7-4993-a08b-2875b35812b5,d85aa4d7-02c4-467d-917f-5e46f018b634,26cfd98e-eeac-41e8-94a4-0b577e95c592
865d92e5-b786-47b1-bfb7-683c3e39a363,37e03a51-12a8-46a5-bbec-2a7ac3539dc9,26cfd98e-eeac-41e8-94a4-0b577e95c592
0e7e1802-331d-42fc-96cd-314dd9350887,8f5e1507-f55b-4d5f-bbb3-b9fccdfd845a,26cfd98e-eeac-41e8-94a4-0b577e95c592
5cf33927-7b27-4439-b2d4-6efd24f1fdf4,e25699e3-21f7-44bc-b04c-b5ce4fc5cbe3,26cfd98e-eeac-41e8-94a4-0b577e95c592
7cb18e21-f001-48b1-a0f5-e91823be7f94,fe467453-adc2-4ebc-9286-d22d74758853,26cfd98e-eeac-41e8-94a4-0b577e95c592
1636dd9a-e099-4f4d-a9f9-29ef3cfb79a0,123e92de-d9c1-4c9f-af40-477ba24007c7,26cfd98e-eeac-41e8-94a4-0b577e95c592
e3378dcc-21aa-4b9a-aee1-2b615f4e7edd,375c5df6-6ec6-4a24-a9e6-01818ad172ec,26cfd98e-eeac-41e8-94a4-0b577e95c592
2b5ea287-ad92-4a3d-988d-34e30987b661,e94db0da-11cf-4636-8575-f9baa8153157,26cfd98e-eeac-41e8-94a4-0b577e95c592
e43c5114-d74d-449e-abd5-1e07c859514a,957f896a-6b46-4357-9590-53198bfe8f4c,26cfd98e-eeac-41e8-94a4-0b577e95c592
b42d18c7-3275-4ca6-a184-3f046fb945d1,66853660-63fa-4bfb-bc4b-3f057e97de26,26cfd98e-eeac-41e8-94a4-0b577e95c592
ad93dec6-b51e-4b47-8d02-aefaec07a728,925fdda5-161b-4483-9ccb-b65b787aee2a,26cfd98e-eeac-41e8-94a4-0b577e95c592
c72cc60e-e970-40fa-9f1a-97319824eb1a,31962efa-e083-419e-aec7-949c8d5091ca,26cfd98e-eeac-41e8-94a4-0b577e95c592
1393d7c7-34d7-4057-bfc1-9c9ef96f9b91,60d25c0c-6df4-4479-bfca-cd9544bad9fd,26cfd98e-eeac-41e8-94a4-0b577e95c592
3dfcdb80-59f6-4a72-a40e-a472a3c0c155,0478d963-1b51-43ee-a510-f75304982bfc,26cfd98e-eeac-41e8-94a4-0b577e95c592
a26cc1dd-e4b3-4b52-b81f-37926bc1e77b,d7d11bc0-8971-4b37-9f38-cb963396446d,26cfd98e-eeac-41e8-94a4-0b577e95c592
419773d3-796f-46b4-9527-0162d4ec80e9,d5796ac3-abb4-46b1-bca1-80911b17edbc,26cfd98e-eeac-41e8-94a4-0b577e95c592
36952a4f-7e1f-46dc-8d81-6babc804b73d,10c2a606-c2b9-47f8-bdca-82d1174fde70,26cfd98e-eeac-41e8-94a4-0b577e95c592
2fb8fd45-8cde-446f-a9a6-911bed59b209,06d2c93a-5000-4099-9f58-3749cfe4284f,26cfd98e-eeac-41e8-94a4-0b577e95c592
38a9a0a4-9c3a-45d8-9257-e77141957f6e,02dbee33-3895-4880-8404-6f0294aae76b,26cfd98e-eeac-41e8-94a4-0b577e95c592
ba8b3192-9e7d-4c3c-99d1-c33ac230f54a,67393641-8bb5-4443-94db-dce7cd8e5e6b,26cfd98e-eeac-41e8-94a4-0b577e95c592
ca1075b2-6d04-439c-ac84-9e23d0fbbb63,6bba896f-dd1d-4261-b10c-c451ba4af087,26cfd98e-eeac-41e8-94a4-0b577e95c592
519f1751-c174-413f-bca9-ee2b86bbe99c,c46317d6-942e-4ec0-acd6-a593c1bb6f3c,26cfd98e-eeac-41e8-94a4-0b577e95c592
866c5ef8-5b1d-4c07-ae01-c96d4e6c28bc,294d733b-5276-4e43-92ff-76c0a0fa9ae6,26cfd98e-eeac-41e8-94a4-0b577e95c592
f921e7bd-30ab-4554-a8fe-6e3a61431bbc,4732e3fe-6830-494b-9990-7f55266e5167,26cfd98e-eeac-41e8-94a4-0b577e95c592
8d45256c-782b-42cc-be2a-46fde9e9d6f9,a58381c4-0d71-4b62-aa83-3b088fdbe34e,26cfd98e-eeac-41e8-94a4-0b577e95c592
d85d043e-8e68-4cf9-aac7-67cccdd30230,8747cb78-d34d-445a-a601-20e30d2d44bd,26cfd98e-eeac-41e8-94a4-0b577e95c592
55c0c1ea-92f3-4cca-9b64-85d6dd18d259,3f9d1792-6cc4-4f75-b197-680038e38495,26cfd98e-eeac-41e8-94a4-0b577e95c592
ec987e40-573e-4633-9e06-ace3b592bd86,707b91a4-1b38-4d3e-a391-360b5db8cd91,26cfd98e-eeac-41e8-94a4-0b577e95c592
65d042eb-3126-4b87-9dae-1b7aefea5455,926623c2-6a75-4fd2-b3a9-fe921e9eb376,26cfd98e-eeac-41e8-94a4-0b577e95c592
9c78b249-ad42-4d0a-92e2-7a3410870fda,e3138497-1672-40f1-ad24-c657a76b3bdc,26cfd98e-eeac-41e8-94a4-0b577e95c592
a57980a2-3195-49d3-87a6-4fc796b725f8,d9eb9dc3-e564-4e05-a8bb-7c96eee080e6,26cfd98e-eeac-41e8-94a4-0b577e95c592
0e883098-f3ad-42bf-b8c7-0a05c2c369ec,fb6a46ce-4f05-4fdd-a455-6cb13b151dbb,26cfd98e-eeac-41e8-94a4-0b577e95c592
f779a8a9-7cb9-4db8-8562-96999c03bf64,0aab2598-f0aa-40ea-94ef-197675d3fe06,26cfd98e-eeac-41e8-94a4-0b577e95c592
a57827f2-1465-4364-ad54-6e366c030bd3,e8a6a025-7e6d-428a-b01b-97c8ebe0c2fc,26cfd98e-eeac-41e8-94a4-0b577e95c592
a3c22048-a883-452b-b092-e8b67356ff88,542cbdc4-f798-45d7-a56d-a5309d2ac169,26cfd98e-eeac-41e8-94a4-0b577e95c592
0be8b366-44c8-4f95-8787-cca38c605a46,16c938f8-851f-45ff-baab-9f6218018f2b,26cfd98e-eeac-41e8-94a4-0b577e95c592
789714ea-5196-4396-a0a1-04048389f4f1,fb13f9ba-2e3c-4ff1-98de-489b68f26ced,26cfd98e-eeac-41e8-94a4-0b577e95c592
fd66a8b8-f6ad-4f1c-abc2-176f2934b889,a62c000a-4508-463b-bd24-2f795add4bc3,26cfd98e-eeac-41e8-94a4-0b577e95c592
d2702f55-5310-4bca-b343-2d1e4f559365,8ac4b2b8-eb24-4528-9237-4d6adb89d3e6,26cfd98e-eeac-41e8-94a4-0b577e95c592
515100c8-704c-4ffc-9ba7-05edb34561ae,95081c99-b1fb-45ae-a46f-929396b8a2cd,26cfd98e-eeac-41e8-94a4-0b577e95c592
2bfbe5fd-1982-4c04-b930-000a363941ac,10d72027-9310-4d3e-92ab-ce2cb37dc926,26cfd98e-eeac-41e8-94a4-0b577e95c592
f4abf7a0-a787-4a32-a79a-ff98f719c77d,5bca70c5-663f-4235-b7b4-c4c87dc5a7c7,26cfd98e-eeac-41e8-94a4-0b577e95c592
2eac6bfb-9eea-43fd-b04b-dfb0ffd09a35,0c962413-57b2-4786-a0a6-a09b48cc142a,26cfd98e-eeac-41e8-94a4-0b577e95c592
4ea10ba9-56a0-454a-aae3-70f39e354fd2,c0d43ff3-8faa-400c-891a-66c81a460b62,26cfd98e-eeac-41e8-94a4-0b577e95c592
245c65dd-bb0d-4864-93b7-e9e47894479e,f72e93f7-ac7d-43de-8ed0-f6a97a720249,26cfd98e-eeac-41e8-94a4-0b577e95c592
